code,title,Level,parent,isco1d,isco2d,isco3d,isco4d
1,"Legislators,Senior Officials and Managers",1,NA,1,NA,NA,NA
11,Legislators and Senior Officials,2,1,1,11,NA,NA
111,Legislators,3,11,1,11,111,NA
1110,Legislators,4,111,1,11,111,1110
112,Senior Government Officials,3,11,1,11,112,NA
1120,Senior government officials,4,112,1,11,112,1120
113,Traditional Chiefs and Heads of Villages,3,11,1,11,113,NA
1130,Traditional Chiefs and Heads of Villages,4,113,1,11,113,1130
114,Senior Officials of Special-Interest Organisations,3,11,1,11,114,NA
1141,Senior Officials of Political-Party Organisations,4,114,1,11,114,1141
1142,"Senior Officials of Employers', Workers' and other Economic-Interest Organisations",4,114,1,11,114,1142
1143,Senior Officials of Humanitarian and other Special-Interest Organisations,4,114,1,11,114,1143
12,Corporate Managers,2,1,1,12,NA,NA
121,Directors and Chief Executives,3,12,1,12,121,NA
1210,Directors and chief executives,4,121,1,12,121,1210
122,Production and Operations Department Managers,3,12,1,12,122,NA
1221,"Production and Operations Department Managers in Agriculture, Hunting, Forestry and Fishing",4,122,1,12,122,1221
1222,Production and Operations Department Managers in Manufacturing,4,122,1,12,122,1222
1223,Production and Operations Department Managers in Construction,4,122,1,12,122,1223
1224,Production and Operations Department Managers in Wholesale and Retail Trade,4,122,1,12,122,1224
1225,Production and Operations Department Managers in Restaurants and Hotels,4,122,1,12,122,1225
1226,"Production and Operations Department Managers in Transport, Storage and Communications",4,122,1,12,122,1226
1227,Production and Operations Department Managers in Business Services,4,122,1,12,122,1227
1228,"Production and Operations Department Managers in Personal Care, Cleaning, and Related Services",4,122,1,12,122,1228
1229,Production and Operations Department Managers not elsewhere classified,4,122,1,12,122,1229
123,Other Department Managers,3,12,1,12,123,NA
1231,Finance and Administration Department Managers,4,123,1,12,123,1231
1232,Personnel and Industrial Relations Department Managers,4,123,1,12,123,1232
1233,Sales and Marketing Department Managers,4,123,1,12,123,1233
1234,Advertising and Public Relations Department Managers,4,123,1,12,123,1234
1235,Supply and Distribution Department Managers,4,123,1,12,123,1235
1236,Computing Services Department Managers,4,123,1,12,123,1236
1237,Research and Development Department Managers,4,123,1,12,123,1237
1239,Other Department Managers not elsewhere classified,4,123,1,12,123,1239
13,General Managers,2,1,1,13,NA,NA
131,General Managers,3,13,1,13,131,NA
1311,"General Managers in Agriculture, Hunting, Forestry and Fishing",4,131,1,13,131,1311
1312,General Managers in Manufacturing,4,131,1,13,131,1312
1313,General Managers in Construction,4,131,1,13,131,1313
1314,General Managers in Wholesale and Retail Trade,4,131,1,13,131,1314
1315,General Managers of Restaurants and Hotels,4,131,1,13,131,1315
1316,"General Managers in Transport, Storage and Communications",4,131,1,13,131,1316
1317,General Managers of Business Services,4,131,1,13,131,1317
1318,"General Managers in Personal Care, Cleaning and Related Services",4,131,1,13,131,1318
1319,General Managers Not Elsewhere Classified,4,131,1,13,131,1319
2,Professionals,1,NA,2,NA,NA,NA
21,"Physical, Mathematical and Engineering Science Professionals",2,2,2,21,NA,NA
211,"Physicists, Chemists and Related Professionals",3,21,2,21,211,NA
2111,Physicists and Astronomers,4,211,2,21,211,2111
2112,Meteorologists,4,211,2,21,211,2112
2113,Chemists,4,211,2,21,211,2113
2114,Geologists and Geophysicists,4,211,2,21,211,2114
212,"Mathematicians, Statisticians and Related Professionals",3,21,2,21,212,NA
2121,Mathematicians and Related Professionals,4,212,2,21,212,2121
2122,Statisticians,4,212,2,21,212,2122
213,Computing Professionals,3,21,2,21,213,NA
2131,Computer Systems Designers and Analysts,4,213,2,21,213,2131
2132,Computer Programmers,4,213,2,21,213,2132
2139,Computing Professionals not elsewhere classified,4,213,2,21,213,2139
214,"Architects, Engineers and related professionals",3,21,2,21,214,NA
2141,"Architects, Town and Traffic Planners",4,214,2,21,214,2141
2142,Civil Engineers,4,214,2,21,214,2142
2143,Electrical engineers,4,214,2,21,214,2143
2144,Electronics and Telecommunications Engineers,4,214,2,21,214,2144
2145,Mechanical Engineers,4,214,2,21,214,2145
2146,Chemical Engineers,4,214,2,21,214,2146
2147,"Mining Engineers, Metallurgists and Related Professionals",4,214,2,21,214,2147
2148,Cartographers and Surveyors,4,214,2,21,214,2148
2149,"Architects, Engineers and related Professionals not elsewhere classified",4,214,2,21,214,2149
22,Life Science and Health Professionals,2,2,2,22,NA,NA
221,Life Science Professionals,3,22,2,22,221,NA
2211,"Biologists, Botanists, Zoologists and Related Professionals",4,221,2,22,221,2211
2212,"Pharmacologists, Pathologists and Related Professionals",4,221,2,22,221,2212
2213,Agronomists and Related Professionals,4,221,2,22,221,2213
222,Health Professionals (Except Nursing),3,22,2,22,222,NA
2221,Medical Doctors,4,222,2,22,222,2221
2222,Dentists,4,222,2,22,222,2222
2223,Veterinarians,4,222,2,22,222,2223
2224,Pharmacists,4,222,2,22,222,2224
2229,Health Professionals (except nursing) not elsewhere classified,4,222,2,22,222,2229
223,Nursing and Midwifery Professionals,3,22,2,22,223,NA
2230,Nursing and midwifery professionals,4,223,2,22,223,2230
23,Teaching Professionals,2,2,2,23,NA,NA
231,"College, University and Higher Education Teaching Professionals",3,23,2,23,231,NA
2310,"College, University and Higher Education Teaching Professionals",4,231,2,23,231,2310
232,Secondary Education Teaching Professionals,3,23,2,23,232,NA
2320,Secondary Education Teaching Professionals,4,232,2,23,232,2320
233,Primary and Preprimary Education Teaching Professionals,3,23,2,23,233,NA
2331,Primary Education Teaching Professionals,4,233,2,23,233,2331
2332,Pre-Primary Education Teaching Professionals,4,233,2,23,233,2332
234,Special Education Teaching Professionals,3,23,2,23,234,NA
2340,Special Education Teaching Professionals,4,234,2,23,234,2340
235,Other Teaching Professionals,3,23,2,23,235,NA
2351,Education Methods Specialists,4,235,2,23,235,2351
2352,School Inspectors,4,235,2,23,235,2352
2359,Other Teaching Professionals not elsewhere classified,4,235,2,23,235,2359
24,Other Professionals,2,2,2,24,NA,NA
241,Business Professionals,3,24,2,24,241,NA
2411,Accountants,4,241,2,24,241,2411
2412,Personnel and Careers Professionals,4,241,2,24,241,2412
2419,Business Professionals Not Elsewhere Classified,4,241,2,24,241,2419
242,Legal Professionals,3,24,2,24,242,NA
2421,Lawyers,4,242,2,24,242,2421
2422,Judges,4,242,2,24,242,2422
2429,Legal Professionals not elsewhere classified,4,242,2,24,242,2429
243,"Archivists, Librarians and Related Information Professionals",3,24,2,24,243,NA
2431,Archivists and Curators,4,243,2,24,243,2431
2432,Librarians and related information Professionals,4,243,2,24,243,2432
244,Social Science and related Professionals,3,24,2,24,244,NA
2441,Economists,4,244,2,24,244,2441
2442,"Sociologists, Anthropologists and Related Professionals",4,244,2,24,244,2442
2443,"Philosophers, Historians and Political Scientists",4,244,2,24,244,2443
2444,"Philologists, Translators and Interpreters",4,244,2,24,244,2444
2445,Psychologists,4,244,2,24,244,2445
2446,Social Work Professionals,4,244,2,24,244,2446
245,Writers and Creative or Performing Artists,3,24,2,24,245,NA
2451,"Authors, Journalists and other Writers",4,245,2,24,245,2451
2452,"Sculptors, Painters and Related Artists",4,245,2,24,245,2452
2453,"Composers, Musicians and Singers",4,245,2,24,245,2453
245,Choreographers and Dancers,4,24,2,24,245,245
2455,"Film, Stage and related Actors and Directors",4,245,2,24,245,2455
246,Religious Professionals,3,24,2,24,246,NA
2460,Religious Professionals,4,246,2,24,246,2460
3,Technicians and Associate Professionals,1,NA,3,NA,NA,NA
31,Physical and Engineering Science Associate Professionals,2,3,3,31,NA,NA
311,Physical and Engineering Science Technicians,3,31,3,31,311,NA
3111,Chemical and Physical Science Technicians,4,311,3,31,311,3111
3112,Civil Engineering Technicians,4,311,3,31,311,3112
3113,Electrical engineering technicians,4,311,3,31,311,3113
3114,Electronics and Telecommunications Engineering Technicians,4,311,3,31,311,3114
3115,Mechanical Engineering Technicians,4,311,3,31,311,3115
3116,Chemical engineering technicians,4,311,3,31,311,3116
3117,Mining and Metallurgical Technicians,4,311,3,31,311,3117
3118,Draughts persons,4,311,3,31,311,3118
3119,Physical and Engineering Science Technicians not elsewhere classified,4,311,3,31,311,3119
312,Computer Associate Professionals,3,31,3,31,312,NA
3121,Computer Assistants,4,312,3,31,312,3121
3122,Computer Equipment Operators,4,312,3,31,312,3122
3123,Industrial Robot Controllers,4,312,3,31,312,3123
313,Optical and Electronic Equipment Operators,3,31,3,31,313,NA
3131,Photographers and image and sound recording equipment Operators,4,313,3,31,313,3131
3132,Broadcasting and telecommunications equipment Operators,4,313,3,31,313,3132
3133,Medical equipment Operators,4,313,3,31,313,3133
3139,Optical and electronic equipment Operators not elsewhere classified,4,313,3,31,313,3139
314,Ship and Aircraft Controllers and Technicians,3,31,3,31,314,NA
3141,Ships' Engineers,4,314,3,31,314,3141
3142,Ships' Deck Officers and Pilots,4,314,3,31,314,3142
3143,Aircraft Pilots and related associate Professionals,4,314,3,31,314,3143
3144,Air traffic controllers,4,314,3,31,314,3144
3145,Air traffic safety technicians,4,314,3,31,314,3145
315,Safety and Quality Inspectors,3,31,3,31,315,NA
3151,Building and fire Inspectors,4,315,3,31,315,3151
3152,"Safety, health and quality inspectors",4,315,3,31,315,3152
32,Life science and health associate Professionals,2,3,3,32,NA,NA
321,Life Science Technicians and related associate Professionals,3,32,3,32,321,NA
3211,Life Science Technicians,4,321,3,32,321,3211
3212,Agronomy and forestry technicians,4,321,3,32,321,3212
3213,Farming and forestry advisers,4,321,3,32,321,3213
322,Modern health associate professionals,3,32,3,32,322,NA
3221,Medical Assistants,4,322,3,32,322,3221
3222,Sanitarians,4,322,3,32,322,3222
3223,Dieticians and nutritionists,4,322,3,32,322,3223
3224,Optometrists and opticians,4,322,3,32,322,3224
3225,Dental assistants,4,322,3,32,322,3225
3226,Physiotherapists and related associate professionals,4,322,3,32,322,3226
3227,Veterinary assistants,4,322,3,32,322,3227
3228,Pharmaceutical Assistants,4,322,3,32,322,3228
3229,Modern Health Associate Professionals (except nursing) not classified elsewhere,4,322,3,32,322,3229
323,(except nursing) not classified elsewhere,3,32,3,32,323,NA
3231,Nursing Associate Professionals,4,323,3,32,323,3231
3232,Midwifery Associate Professionals,4,323,3,32,323,3232
324,Traditional Medicine Practitioners and Faith Healers,3,32,3,32,324,NA
3241,Traditional Medicine Practitioners,4,324,3,32,324,3241
3242,Faith Healers,4,324,3,32,324,3242
33,Teaching Associate Professionals,2,3,3,33,NA,NA
331,Primary education teaching Associate Professionals,3,33,3,33,331,NA
3310,Primary education teaching Associate Professionals,4,331,3,33,331,3310
332,Preprimary education teaching Associate Professionals,3,33,3,33,332,NA
3320,Pre-primary education teaching Associate Professionals,4,332,3,33,332,3320
333,Special education Teaching Associate Professionals,3,33,3,33,333,NA
3330,Special education Teaching Associate Professionals,4,333,3,33,333,3330
334,Other teaching Associate Professionals,3,33,3,33,334,NA
3340,Other teaching Associate Professionals,4,334,3,33,334,3340
34,Other associate Professionals,2,3,3,34,NA,NA
341,Finance and sales Associate professionals,3,34,3,34,341,NA
3411,Securities and Finance Dealers and Brokers,4,341,3,34,341,3411
3412,Insurance Representatives,4,341,3,34,341,3412
3413,Estate Agents,4,341,3,34,341,3413
3414,Travel Consultants and Organisers,4,341,3,34,341,3414
3415,Technical and Commercial Sales Representatives,4,341,3,34,341,3415
3416,Buyers,4,341,3,34,341,3416
3417,"Appraisers, Valuers and Auctioneers",4,341,3,34,341,3417
3419,Finance and Sales Associate Professionals not classified elsewhere,4,341,3,34,341,3419
342,Business Services Agents and Trade Brokers,3,34,3,34,342,NA
3421,Trade brokers,4,342,3,34,342,3421
3422,Clearing and forwarding Agents,4,342,3,34,342,3422
3423,Employment agents and labour contractors,4,342,3,34,342,3423
3429,business services agents and trade brokers not classified elsewhere,4,342,3,34,342,3429
343,Administrative associate professionals,3,34,3,34,343,NA
3431,Administrative secretaries and related associate professionals,4,343,3,34,343,3431
3432,Legal and related business associate professionals,4,343,3,34,343,3432
3433,Bookkeepers,4,343,3,34,343,3433
3434,"Statistical, Mathematical and related associate Professional",4,343,3,34,343,3434
3439,Administrative Associate Professionals not classified elsewhere,4,343,3,34,343,3439
344,"Customs, tax and related government associate professionals",3,34,3,34,344,NA
3441,Customs and Border Inspectors,4,344,3,34,344,3441
3442,Government Tax and Excise Officials,4,344,3,34,344,3442
3443,Government Social benefits Officials,4,344,3,34,344,3443
3444,Government licensing officials,4,344,3,34,344,3444
3449,"Customs, Tax and related Government associate Professionals not classified elsewhere",4,344,3,34,344,3449
345,Police Inspectors and Detectives,3,34,3,34,345,NA
3450,Police Inspectors and Detectives,4,345,3,34,345,3450
346,Social work Associate Professionals,3,34,3,34,346,NA
3460,Social work Associate Professionals,4,346,3,34,346,3460
347,"Artistic, Entertainment and Sports Associate Professionals",3,34,3,34,347,NA
3471,Decorators and Commercial Designers,4,347,3,34,347,3471
3472,"Radio, Television and other Announcers",4,347,3,34,347,3472
3473,"Street, Night-Club and Related Musicians, Singers and Dancers",4,347,3,34,347,3473
3474,"Clowns, Magicians, Acrobats and related Associate Professionals",4,347,3,34,347,3474
3475,"Athletes, Sportspersons and related Associate Professionals",4,347,3,34,347,3475
348,Religious associate professionals,3,34,3,34,348,NA
3480,Religious Associate Professionals,4,348,3,34,348,3480
4,Clerks,1,NA,4,NA,NA,NA
41,Office Clerks,2,4,4,41,NA,NA
411,Secretaries and Keyboard-operating Clerks,3,41,4,41,411,NA
4111,Stenographers and typists,4,411,4,41,411,4111
4112,Word-processor and related operators,4,411,4,41,411,4112
4113,Data entry operators,4,411,4,41,411,4113
4114,Calculating-machine operators,4,411,4,41,411,4114
4115,Secretaries,4,411,4,41,411,4115
412,Numerical clerks,3,41,4,41,412,NA
4121,Accounting and bookkeeping clerks,4,412,4,41,412,4121
4122,Statistical and finance clerks,4,412,4,41,412,4122
413,Material-recording and Transport Clerks,3,41,4,41,413,NA
4131,Stock Clerks,4,413,4,41,413,4131
4132,Production clerks,4,413,4,41,413,4132
4133,Transport clerks,4,413,4,41,413,4133
414,"Library, mail and related clerks",3,41,4,41,414,NA
4141,Library and filing clerks,4,414,4,41,414,4141
4142,Mail carriers and sorting Clerks,4,414,4,41,414,4142
4143,"Coding, proof-reading, and related Clerks",4,414,4,41,414,4143
4144,Scribes and related workers,4,414,4,41,414,4144
419,Other Office Clerks,3,41,4,41,419,NA
4190,Other Office Clerks,4,419,4,41,419,4190
42,Customer Services Clerks,2,4,4,42,NA,NA
421,"Cashiers, Tellers and related Clerks",3,42,4,42,421,NA
4211,Cashiers and ticket Clerks,4,421,4,42,421,4211
4212,Tellers and other counter Clerks,4,421,4,42,421,4212
4213,Bookmakers and Croupiers,4,421,4,42,421,4213
4214,Pawnbrokers and Money-lenders,4,421,4,42,421,4214
4215,Debt-collectors and related Workers,4,421,4,42,421,4215
422,Client information Clerks,3,42,4,42,422,NA
4221,Travel agency and related Clerks,4,422,4,42,422,4221
4222,Receptionists and information Clerks,4,422,4,42,422,4222
4223,Telephone Switchboard Operators,4,422,4,42,422,4223
5,Service workers and shop and market sales workers,1,NA,5,NA,NA,NA
51,Personal and protective services Workers,2,5,5,51,NA,NA
511,Travel attendants and related Workers,3,51,5,51,511,NA
5111,Travel attendants and travel stewards,4,511,5,51,511,5111
5112,Transport conductors collect or issue tickets,4,511,5,51,511,5112
5113,Travel guides,4,511,5,51,511,5113
512,Housekeeping and restaurant services workers,3,51,5,51,512,NA
5121,Housekeepers and related Workers,4,512,5,51,512,5121
5122,Cooks,4,512,5,51,512,5122
5123,"Waiters, Waitresses and Bartenders",4,512,5,51,512,5123
513,Personal care and related Workers,3,51,5,51,513,NA
5131,Child-care Workers,4,513,5,51,513,5131
5132,Institution-based personal care Workers,4,513,5,51,513,5132
5133,Home-based personal care Workers,4,513,5,51,513,5133
5139,Personal Care and related Workers,4,513,5,51,513,5139
514,Other personal services Workers,3,51,5,51,514,NA
5141,"Hairdressers, barbers, beauticians",4,514,5,51,514,5141
5142,Companions and Valets,4,514,5,51,514,5142
5143,Undertakers and Embalmers,4,514,5,51,514,5143
5149,Other Personal Services Workers not elsewhere classified,4,514,5,51,514,5149
515,"Astrologers, fortune-tellers and related Workers",3,51,5,51,515,NA
5151,Astrologers and related Workers,4,515,5,51,515,5151
5152,"Fortune-tellers, palmists and related workers",4,515,5,51,515,5152
516,Protective services Workers,3,51,5,51,516,NA
5161,Fire-Fighters,4,516,5,51,516,5161
5162,Police Officers,4,516,5,51,516,5162
5163,Prison Guards,4,516,5,51,516,5163
5169,Protective Services Workers Not Elsewhere Classified,4,516,5,51,516,5169
52,"Models, Salespersons and Demonstrators",2,5,5,52,NA,NA
521,Fashion and other Models,3,52,5,52,521,NA
5210,Fashion and other Models,4,521,5,52,521,5210
522,Shop Salespersons and Demonstrators,3,52,5,52,522,NA
5220,Shop salespersons and Demonstrators,4,522,5,52,522,5220
523,Stall and market Salespersons,3,52,5,52,523,NA
5230,Stall and Market Salespersons,4,523,5,52,523,5230
6,Skilled Agricultural and Fishery Workers,1,NA,6,NA,NA,NA
61,Market-oriented skilled Agricultural and Fishery Workers,2,6,6,61,NA,NA
611,Market gardeners and crop growers,3,61,6,61,611,NA
6111,Field crop and vegetable growers,4,611,6,61,611,6111
6112,Tree and shrub crop growers,4,611,6,61,611,6112
6113,"Gardeners, horticultural and nursery growers",4,611,6,61,611,6113
6114,Mixed-crop growers,4,611,6,61,611,6114
612,Market-oriented animal producers and related workers,3,61,6,61,612,NA
6121,Dairy and livestock producers,4,612,6,61,612,6121
6122,Poultry producers,4,612,6,61,612,6122
6123,Apiarists and sericulturists,4,612,6,61,612,6123
6124,Mixed-animal producers,4,612,6,61,612,6124
6129,market-oriented animal producers and related workers not classified,4,612,6,61,612,6129
613,Market-oriented crop and animal producers,3,61,6,61,613,NA
6130,Market-oriented crop and animal producers,4,613,6,61,613,6130
614,Forestry and related workers,3,61,6,61,614,NA
6141,Forestry workers and loggers,4,614,6,61,614,6141
6142,Charcoal burners and related workers,4,614,6,61,614,6142
615,"Fishery workers, hunters and trappers",3,61,6,61,615,NA
6151,Aquatic-life cultivation workers,4,615,6,61,615,6151
6152,Inland and coastal waters fishery workers,4,615,6,61,615,6152
6153,Deep-sea fishery workers,4,615,6,61,615,6153
6154,Hunters and trappers,4,615,6,61,615,6154
62,Subsistence agricultural and fishery workers,2,6,6,62,NA,NA
621,Subsistence agricultural and fishery workers,3,62,6,62,621,NA
6210,Subsistence agricultural and fishery workers,4,621,6,62,621,6210
7,Craft and related workers,1,NA,7,NA,NA,NA
71,Extraction and building trades workers,2,7,7,71,NA,NA
711,"Miners, shotfirers, stone cutters and carvers",3,71,7,71,711,NA
7111,Miners and quarry workers,4,711,7,71,711,7111
7112,Shotfirers and blasters,4,711,7,71,711,7112
7113,"Stone splitters, cutters and carvers",4,711,7,71,711,7113
712,Building frame and related trades workers,3,71,7,71,712,NA
7121,"Builders, traditional materials",4,712,7,71,712,7121
7122,Bricklayers and stonemasons,4,712,7,71,712,7122
7123,"Concrete placers, concrete finishers and related workers",4,712,7,71,712,7123
7124,Carpenters and joiners,4,712,7,71,712,7124
7129,Building frame and related trades workers not classified,4,712,7,71,712,7129
713,Building finishers and related trades workers,3,71,7,71,713,NA
7131,Roofers,4,713,7,71,713,7131
7132,Floor layers and tile setters,4,713,7,71,713,7132
7133,Plasterers,4,713,7,71,713,7133
7134,Insulation workers,4,713,7,71,713,7134
7135,Glaziers,4,713,7,71,713,7135
7136,Plumbers and pipe fitters,4,713,7,71,713,7136
7137,Building and related electricians,4,713,7,71,713,7137
714,"Painters, building structure cleaners and related trades workers",3,71,7,71,714,NA
7141,Painters and related workers,4,714,7,71,714,7141
7142,Varnishers and related painters,4,714,7,71,714,7142
7143,Building structure cleaners,4,714,7,71,714,7143
72,"Metal, machinery and related trades workers",2,7,7,72,NA,NA
721,"Metal moulders,welders, sheet-metalworkers, structural-metal preparers and related trades workers",3,72,7,72,721,NA
7211,Metal moulders and coremakers,4,721,7,72,721,7211
7212,Welders and flame cutters,4,721,7,72,721,7212
7213,Sheet-metal workers,4,721,7,72,721,7213
7214,Structural-metal preparers and erectors,4,721,7,72,721,7214
7215,Riggers and cable splicers,4,721,7,72,721,7215
7216,Underwater workers,4,721,7,72,721,7216
722,"Blacksmiths, tool-makers and related trades workers",3,72,7,72,722,NA
7221,"Blacksmiths, hammer-smiths and forging-press workers",4,722,7,72,722,7221
7222,Tool-makers and related workers,4,722,7,72,722,7222
7223,Machine-tool setters and setter-operators,4,722,7,72,722,7223
7224,"Metal wheel-grinders, polishers and tool sharpeners",4,722,7,72,722,7224
723,Machinery mechanics and fitters,3,72,7,72,723,NA
7231,Motor vehicle mechanics and fitters,4,723,7,72,723,7231
7232,Aircraft engine mechanics and fitters,4,723,7,72,723,7232
7233,Agricultural- or industrial-machinery mechanics and fitters,4,723,7,72,723,7233
724,Electrical and electronic equipment mechanics and fitters,3,72,7,72,724,NA
7241,Electrical mechanics and fitters,4,724,7,72,724,7241
7242,Electronics fitters,4,724,7,72,724,7242
7243,Electronics mechanics and servicers,4,724,7,72,724,7243
7244,Telegraph and telephone installers and servicers,4,724,7,72,724,7244
7245,"Electrical line installers, repairers and cable jointers",4,724,7,72,724,7245
73,"Precision, handicraft, printing and related trades workers",2,7,7,73,NA,NA
731,Precision workers in metal and related materials,3,73,7,73,731,NA
7311,Precision-instrument makers and repairers,4,731,7,73,731,7311
7312,Musical-instrument makers and tuners,4,731,7,73,731,7312
7313,Jewellery and precious-metal workers,4,731,7,73,731,7313
732,"Potters, glass-makers and related trades",3,73,7,73,732,NA
7321,"Abrasive wheel formers, potters and related workers",4,732,7,73,732,7321
7322,"Glass-makers, cutters, grinders and finishers",4,732,7,73,732,7322
7323,Glass engravers and etchers,4,732,7,73,732,7323
7324,"Glass, ceramics and related decorative painters",4,732,7,73,732,7324
733,"Handicraft workers in wood, textile, leather and related materials",3,73,7,73,733,NA
7331,Handicraft workers in wood and related materials,4,733,7,73,733,7331
7332,"Handicraft workers in textile, leather and related materials",4,733,7,73,733,7332
734,Printing and related trades workers,3,73,7,73,734,NA
7341,"Compositors, typesetters and related workers",4,734,7,73,734,7341
7342,Stereotypers and electrotypers,4,734,7,73,734,7342
7343,Printing engravers and etchers,4,734,7,73,734,7343
7344,Photographic and related workers,4,734,7,73,734,7344
7345,Bookbinders and related workers,4,734,7,73,734,7345
7346,"Silk-screen, block and textile printers",4,734,7,73,734,7346
74,Other craft and related trades workers,2,7,7,74,NA,NA
741,Food processing and related trades workers,3,74,7,74,741,NA
7411,"Butchers, fishmongers and related food preparers",4,741,7,74,741,7411
7412,"Bakers, pastry-cooks and confectionery makers",4,741,7,74,741,7412
7413,Dairy products makers,4,741,7,74,741,7413
7414,"Fruit, vegetable and related preservers",4,741,7,74,741,7414
7415,Food and beverage tasters,4,741,7,74,741,7415
7416,Tobacco preparers,4,741,7,74,741,7416
742,"Wood treaters, cabinet-makers, and related trades workers",3,74,7,74,742,NA
7421,Wood treaters season and preserve wood.,4,742,7,74,742,7421
7422,Cabinet-makers and related workers,4,742,7,74,742,7422
7423,Woodworking-machine setters and setter-operators,4,742,7,74,742,7423
7424,"Basketry weavers, brush makers and related workers",4,742,7,74,742,7424
743,"Textile, garment and related trades workers",3,74,7,74,743,NA
7431,Fibre preparers,4,743,7,74,743,7431
7432,"Weavers, knitters and related workers",4,743,7,74,743,7432
7433,"Tailors, dressmakers and hatters",4,743,7,74,743,7433
7434,Furriers and related workers,4,743,7,74,743,7434
7435,"Textile, leather and related pattern-makers and cutters",4,743,7,74,743,7435
7436,"Sewers, embroiderers and related workers",4,743,7,74,743,7436
7437,Upholsterers and related workers,4,743,7,74,743,7437
744,"Pelt, leather and shoemaking trades workers",3,74,7,74,744,NA
7441,"Pelt dressers, tanners and fellmongers",4,744,7,74,744,7441
7442,Shoe-makers and related workers,4,744,7,74,744,7442
8,Plant and machine operators and assemblers,1,NA,8,NA,NA,NA
81,Stationary-plant and related operators operate and monitor,2,8,8,81,NA,NA
811,Mining- and mineral-processing-plant operators,3,81,8,81,811,NA
8111,Mining-plant operators,4,811,8,81,811,8111
8112,Mineral-ore- and stone-processing-plant operators,4,811,8,81,811,8112
8113,Well drillers and borers and related workers,4,811,8,81,811,8113
812,Metal-processing-plant operators,4,81,8,81,812,812
8121,Ore and metal furnace operators,4,812,8,81,812,8121
8122,"Metal melters, casters and rolling-mill operators",4,812,8,81,812,8122
8123,Metal-heat-treating-plant operators,4,812,8,81,812,8123
8124,Metal drawers and extruders operate,4,812,8,81,812,8124
813,"Glass, ceramics and related plant operators",3,81,8,81,813,NA
8131,Glass and ceramics kiln and related machine operators,4,813,8,81,813,8131
8139,glass and ceramics plant operators,4,813,8,81,813,8139
814,Wood-processing- and papermaking-plant operators,3,81,8,81,814,NA
8141,Wood-processing-plant operators,4,814,8,81,814,8141
8142,Paper-pulp plant operators,4,814,8,81,814,8142
8143,Papermaking-plant operators,4,814,8,81,814,8143
815,Chemical-processing-plant operators,3,81,8,81,815,NA
8151,"Crushing-, grinding- and chemical-mixing-machinery",4,815,8,81,815,8151
8152,Chemical-heat-treating-plant operators,4,815,8,81,815,8152
8153,Chemical-filtering- and separating-equipment operators,4,815,8,81,815,8153
8154,Still and reactor operators (except petroleum and natural gas),4,815,8,81,815,8154
8155,Petroleum- and natural-gas-refining plant operators,4,815,8,81,815,8155
8159,chemical-processing-plant operators not classified elsewhere,4,815,8,81,815,8159
816,Power-production and related plant operators,3,81,8,81,816,NA
8161,Power-production plant operators operate and monitor machinery,4,816,8,81,816,8161
8162,Steam-engine and boiler operators,4,816,8,81,816,8162
8163,"Incinerator, water-treatment and related plant operators",4,816,8,81,816,8163
817,Automated-assembly-line and industrial-robot operators,3,81,8,81,817,NA
8171,Automated-assembly-line operators,4,817,8,81,817,8171
8172,Industrial-robot operators,4,817,8,81,817,8172
82,Machine operators and assemblers,2,8,8,82,NA,NA
821,Metal- and mineral-products machine operators,3,82,8,82,821,NA
8211,Machine-tool operators,4,821,8,82,821,8211
8212,Cement and other mineral products machine operators,4,821,8,82,821,8212
822,Chemical-products machine operators,3,82,8,82,822,NA
8221,Pharmaceutical- and toiletry-products machine operators,4,822,8,82,822,8221
8222,Ammunition- and explosive-products machine operators,4,822,8,82,822,8222
8223,"Metal finishing-, plating- and coating-machine operators",4,822,8,82,822,8223
8224,Photographic-products machine operators,4,822,8,82,822,8224
8229,Chemical-products machine operators not classified,4,822,8,82,822,8229
823,Rubber- and plastic-products machine operators,3,82,8,82,823,NA
8231,Rubber-products machine operators,4,823,8,82,823,8231
8232,Plastic-products machine operators,4,823,8,82,823,8232
823,Wood-products machine operators,3,82,8,82,823,NA
8240,Wood-products machine operators,4,824,8,82,824,8240
825,"Printing-, binding- and paper-products machine operators",3,82,8,82,825,NA
8251,Printing-machine operators,4,825,8,82,825,8251
8252,Bookbinding-machine operators,4,825,8,82,825,8252
8253,Paper-products machine operators,4,825,8,82,825,8253
826,"Textile-, fur- and leather-products machine operators",3,82,8,82,826,NA
8261,"Fibre-preparing, spinning- and winding-machine operators",4,826,8,82,826,8261
8262,Weaving- and knitting-machine operators,4,826,8,82,826,8262
8263,Sewing-machine operators,4,826,8,82,826,8263
8264,"Bleaching-, dyeing- and cleaning-machine operators",4,826,8,82,826,8264
8265,Fur- and leather-preparing-machine operators,4,826,8,82,826,8265
8266,Shoemaking- and related machine operators,4,826,8,82,826,8266
8269,"textile-, fur- and leather-products machine operators",4,826,8,82,826,8269
827,Food and related products machine operators,3,82,8,82,827,NA
8271,Meat- and fish-processing-machine operators,4,827,8,82,827,8271
8272,Dairy-products machine operators,4,827,8,82,827,8272
8273,Grain- and spice-milling-machine operators,4,827,8,82,827,8273
8274,"Baked-goods, cereal and chocolate-products machine operators",4,827,8,82,827,8274
8275,"Fruit-, vegetable- and nut-processing machine operators",4,827,8,82,827,8275
8276,Sugar production machine operators,4,827,8,82,827,8276
8277,"Tea-, coffee- and cocoa-processing machine operators",4,827,8,82,827,8277
8278,"Brewers, wine and other beverage machine operators",4,827,8,82,827,8278
8279,Tobacco production machine operators,4,827,8,82,827,8279
828,Assemblers,3,82,8,82,828,NA
8281,Mechanical-machinery assemblers,4,828,8,82,828,8281
8282,Electrical-equipment assemblers,4,828,8,82,828,8282
8283,Electronic-equipment assemblers,4,828,8,82,828,8283
8284,"Metal-, rubber- and plastic-products assemblers",4,828,8,82,828,8284
8285,Wood and related products assemblers,4,828,8,82,828,8285
8286,"Paperboard, textile and related products assemblers",4,828,8,82,828,8286
829,Other machine operators and assemblers,3,82,8,82,829,NA
8290,Other machine operators and assemblers,4,829,8,82,829,8290
83,Drivers and mobile-plant operators,2,8,8,83,NA,NA
831,Locomotive-engine drivers and related workers,3,83,8,83,831,NA
8311,Locomotive-engine drivers,4,831,8,83,831,8311
8312,"Railway brakers, signallers and shunters",4,831,8,83,831,8312
832,Motor-vehicle drivers,3,83,8,83,832,NA
8321,Motor-cycle drivers,4,832,8,83,832,8321
8322,"Car, taxi and van drivers",4,832,8,83,832,8322
8323,Bus and tram drivers,4,832,8,83,832,8323
8324,Heavy-truck and lorry drivers,4,832,8,83,832,8324
833,Agricultural and other mobile-plant operators,3,83,8,83,833,NA
8331,Motorised farm and forestry plant operators,4,833,8,83,833,8331
8332,Earth-moving- and related plant operators,4,833,8,83,833,8332
8333,"Crane, hoist and related plant operators",4,833,8,83,833,8333
8334,Lifting-truck operators,4,833,8,83,833,8334
834,Ships' deck crews and related workers,3,83,8,83,834,NA
8340,Ship's deck crews and related worker,4,834,8,83,834,8340
9,Elementary occupations,1,NA,9,NA,NA,NA
91,Sales and services elementary occupations,2,9,9,91,NA,NA
911,Street vendors and related workers,3,91,9,91,911,NA
9111,Street food vendors,4,911,9,91,911,9111
9112,"Street vendors, non-food products",4,911,9,91,911,9112
9113,Door-to-door and telephone salespersons,4,911,9,91,911,9113
912,Shoe cleaning and other street services elementary occupations,3,91,9,91,912,NA
9120,Shoe cleaning and other street services elementary occupations,4,912,9,91,912,9120
913,"Domestic and related helpers, cleaners and launderers",3,91,9,91,913,NA
9131,Domestic helpers and cleaners,4,913,9,91,913,9131
9132,Helpers and cleaners,4,913,9,91,913,9132
9133,Hand-launderers and pressers,4,913,9,91,913,9133
914,"Building caretakers, window and related cleaners",3,91,9,91,914,NA
9141,Building caretakers,4,914,9,91,914,9141
9142,"Vehicle, window and related cleaners",4,914,9,91,914,9142
915,"Messengers, porters, doorkeepers and related workers",3,91,9,91,915,NA
9151,"Messengers, package and luggage porters and deliverers",4,915,9,91,915,9151
9152,"Doorkeepers, watchpersons and related workers",4,915,9,91,915,9152
9153,"Vending-machine money collectors, meter readers and related workers",4,915,9,91,915,9153
916,Garbage collectors and related labourers,3,91,9,91,916,NA
9161,Garbage collectors,4,916,9,91,916,9161
9162,Sweepers and related labourers,4,916,9,91,916,9162
92,"Agricultural, fishery and related labourers",2,9,9,92,NA,NA
921,"Agricultural, fishery and related labourers",3,92,9,92,921,NA
9211,Farm-hands and labourers,4,921,9,92,921,9211
9212,Forestry labourers,4,921,9,92,921,9212
9213,"Fishery, hunting and trapping labourers",4,921,9,92,921,9213
93,"Labourers in mining, construction, manufacturing and transport",2,9,9,93,NA,NA
931,Mining and construction labourers,3,93,9,93,931,NA
9311,Mining and quarrying labourers,4,931,9,93,931,9311
9312,Construction and maintenance labourers,4,931,9,93,931,9312
9313,Building construction labourers,4,931,9,93,931,9313
932,Manufacturing labourers,3,93,9,93,932,NA
9321,Assembling labourers,4,932,9,93,932,9321
9322,Hand packers and other manufacturing labourers,4,932,9,93,932,9322
933,Transport labourers and freight handlers,3,93,9,93,933,NA
9331,Hand or pedal vehicle drivers,4,933,9,93,933,9331
9332,Drivers of animal-drawn vehicles and machinery,4,933,9,93,933,9332
9333,Freight handlers,4,933,9,93,933,9333
0,Armed forces,1,NA,0,NA,NA,NA
