code,title,Level,division,sic2d,sic3d,sic4d
A,"Division A Agriculture, Forestry, and Fishing",1,A,NA,NA,NA
01,Agricultural Production Crops,2,A,01,010,0100
011,Cash Grains,3,A,01,011,0110
0111,Wheat,4,A,01,011,0111
0112,Rice,4,A,01,011,0112
0115,Corn,4,A,01,011,0115
0116,Soybeans,4,A,01,011,0116
0119,"Cash Grains, Not Elsewhere Classified",4,A,01,011,0119
013,"Field Crops, Except Cash Grains",3,A,01,013,0130
0131,Cotton,4,A,01,013,0131
0132,Tobacco,4,A,01,013,0132
0133,Sugarcane and Sugar Beets,4,A,01,013,0133
0134,Irish Potatoes,4,A,01,013,0134
0139,"Field Crops, Except Cash Grains, Not Elsewhere Classified",4,A,01,013,0139
016,Vegetables and Melons,3,A,01,016,0160
0161,Vegetables and Melons,4,A,01,016,0161
017,Fruits and Tree Nuts,3,A,01,017,0170
0171,Berry Crops,4,A,01,017,0171
0172,Grapes,4,A,01,017,0172
0173,Tree Nuts,4,A,01,017,0173
0174,Citrus Fruits,4,A,01,017,0174
0175,Deciduous Tree Fruits,4,A,01,017,0175
0179,"Fruits and Tree Nuts, Not Elsewhere Classified",4,A,01,017,0179
018,Horticultural Specialties,3,A,01,018,0180
0181,Ornamental Floriculture and Nursery Products,4,A,01,018,0181
0182,Food Crops Grown Under Cover,4,A,01,018,0182
019,"General Farms, Primarily Crop",3,A,01,019,0190
0191,"General Farms, Primarily Crop",4,A,01,019,0191
02,Agricultural Production Livestock and Animal Specialties,2,A,02,020,0200
021,"Livestock, Except Dairy and Poultry",3,A,02,021,0210
0211,Beef Cattle Feedlots,4,A,02,021,0211
0212,"Beef Cattle, Except Feedlots",4,A,02,021,0212
0213,Hogs,4,A,02,021,0213
0214,Sheep and Goats,4,A,02,021,0214
0219,"General Livestock, Except Dairy and Poultry",4,A,02,021,0219
024,Dairy Farms,3,A,02,024,0240
0241,Dairy Farms,4,A,02,024,0241
025,Poultry and Eggs,3,A,02,025,0250
0251,"Broiler, Fryer, and Roaster Chickens",4,A,02,025,0251
0252,Chicken Eggs,4,A,02,025,0252
0253,Turkeys and Turkey Eggs,4,A,02,025,0253
0254,Poultry Hatcheries,4,A,02,025,0254
0259,"Poultry and Eggs, Not Elsewhere Classified",4,A,02,025,0259
027,Animal Specialties,3,A,02,027,0270
0271,Fur-bearing Animals and Rabbits,4,A,02,027,0271
0272,Horses and Other Equines,4,A,02,027,0272
0273,Animal Aquaculture,4,A,02,027,0273
0279,"Animal Specialties, Not Elsewhere Classified",4,A,02,027,0279
029,"General Farms, Primarily Livestock and Animal Specialties",3,A,02,029,0290
0291,"General Farms, Primarily Livestock and Animal Specialties",4,A,02,029,0291
07,Agricultural Services,2,A,07,070,0700
071,Soil Preparation Services,3,A,07,071,0710
0711,Soil Preparation Services,4,A,07,071,0711
072,Crop Services,3,A,07,072,0720
0721,"Crop Planting, Cultivating, and Protecting",4,A,07,072,0721
0722,"Crop Harvesting, Primarily By Machine",4,A,07,072,0722
0723,"Crop Preparation Services For Market, Except Cotton Ginning",4,A,07,072,0723
0724,Cotton Ginning,4,A,07,072,0724
074,Veterinary Services,3,A,07,074,0740
0741,Veterinary Services For Livestock,4,A,07,074,0741
0742,Veterinary Services For Animal Specialties,4,A,07,074,0742
075,"Animal Services, Except Veterinary",3,A,07,075,0750
0751,"Livestock Services, Except Veterinary",4,A,07,075,0751
0752,"Animal Specialty Services, Except Veterinary",4,A,07,075,0752
076,Farm Labor and Management Services,3,A,07,076,0760
0761,Farm Labor Contractors and Crew Leaders,4,A,07,076,0761
0762,Farm Management Services,4,A,07,076,0762
078,Landscape and Horticultural Services,3,A,07,078,0780
0781,Landscape Counseling and Planning,4,A,07,078,0781
0782,Lawn and Garden Services,4,A,07,078,0782
0783,Ornamental Shrub and Tree Services,4,A,07,078,0783
08,Forestry,2,A,08,080,0800
081,Timber Tracts,3,A,08,081,0810
0811,Timber Tracts,4,A,08,081,0811
083,Forest Nurseries and Gathering Of Forest Products,3,A,08,083,0830
0831,Forest Nurseries and Gathering Of Forest Products,4,A,08,083,0831
085,Forestry Services,3,A,08,085,0850
0851,Forestry Services,4,A,08,085,0851
09,"Fishing, Hunting, and Trapping",2,A,09,090,0900
091,Commercial Fishing,3,A,09,091,0910
0912,Finfish,4,A,09,091,0912
0913,Shellfish,4,A,09,091,0913
0919,Miscellaneous Marine Products,4,A,09,091,0919
092,Fish Hatcheries and Preserves,3,A,09,092,0920
0921,Fish Hatcheries and Preserves,4,A,09,092,0921
097,"Hunting and Trapping, and Game Propagation",3,A,09,097,0970
0971,"Hunting and Trapping, and Game Propagation",4,A,09,097,0971
B,Division B Mining,1,B,NA,NA,NA
10,Metal Mining,2,B,10,100,1000
101,Iron Ores,3,B,10,101,1010
1011,Iron Ores,4,B,10,101,1011
102,Copper Ores,3,B,10,102,1020
1021,Copper Ores,4,B,10,102,1021
103,Lead and Zinc Ores,3,B,10,103,1030
1031,Lead and Zinc Ores,4,B,10,103,1031
104,Gold and Silver Ores,3,B,10,104,1040
1041,Gold Ores,4,B,10,104,1041
1044,Silver Ores,4,B,10,104,1044
106,"Ferroalloy Ores, Except Vanadium",3,B,10,106,1060
1061,"Ferroalloy Ores, Except Vanadium",4,B,10,106,1061
108,Metal Mining Services,3,B,10,108,1080
1081,Metal Mining Services,4,B,10,108,1081
109,Miscellaneous Metal Ores,3,B,10,109,1090
1094,Uranium-radium-vanadium Ores,4,B,10,109,1094
1099,"Miscellaneous Metal Ores, Not Elsewhere Classified",4,B,10,109,1099
12,Coal Mining,2,B,12,120,1200
122,Bituminous Coal and Lignite Mining,3,B,12,122,1220
1221,Bituminous Coal and Lignite Surface Mining,4,B,12,122,1221
1222,Bituminous Coal Underground Mining,4,B,12,122,1222
123,Anthracite Mining,3,B,12,123,1230
1231,Anthracite Mining,4,B,12,123,1231
124,Coal Mining Services,3,B,12,124,1240
1241,Coal Mining Services,4,B,12,124,1241
13,Oil and Gas Extraction,2,B,13,130,1300
131,Crude Petroleum and Natural Gas,3,B,13,131,1310
1311,Crude Petroleum and Natural Gas,4,B,13,131,1311
132,Natural Gas Liquids,3,B,13,132,1320
1321,Natural Gas Liquids,4,B,13,132,1321
138,Oil and Gas Field Services,3,B,13,138,1380
1381,Drilling Oil and Gas Wells,4,B,13,138,1381
1382,Oil and Gas Field Exploration Services,4,B,13,138,1382
1389,"Oil and Gas Field Services, Not Elsewhere Classified",4,B,13,138,1389
14,"Mining and Quarrying Of Nonmetallic Minerals, Except Fuels",2,B,14,140,1400
141,Dimension Stone,3,B,14,141,1410
1411,Dimension Stone,4,B,14,141,1411
142,"Crushed and Broken Stone, Including Riprap",3,B,14,142,1420
1422,Crushed and Broken Limestone,4,B,14,142,1422
1423,Crushed and Broken Granite,4,B,14,142,1423
1429,"Crushed and Broken Stone, Not Elsewhere Classified",4,B,14,142,1429
144,Sand and Gravel,3,B,14,144,1440
1442,Construction Sand and Gravel,4,B,14,144,1442
1446,Industrial Sand,4,B,14,144,1446
145,"Clay, Ceramic, and Refractory Minerals",3,B,14,145,1450
1455,Kaolin and Ball Clay,4,B,14,145,1455
1459,"Clay, Ceramic, and Refractory Minerals, Not Elsewhere Classified",4,B,14,145,1459
147,Chemical and Fertilizer Mineral Mining,3,B,14,147,1470
1474,"Potash, Soda, and Borate Minerals",4,B,14,147,1474
1475,Phosphate Rock,4,B,14,147,1475
1479,"Chemical and Fertilizer Mineral Mining, Not Elsewhere Classified",4,B,14,147,1479
148,"Nonmetallic Minerals Services, Except Fuels",3,B,14,148,1480
1481,"Nonmetallic Minerals Services, Except Fuels",4,B,14,148,1481
149,"Miscellaneous Nonmetallic Minerals, Except Fuels",3,B,14,149,1490
1499,"Miscellaneous Nonmetallic Minerals, Except Fuels",4,B,14,149,1499
C,Division C Construction,1,C,NA,NA,NA
15,Building Construction General Contractors and Operative Builders,2,C,15,150,1500
152,General Building Contractors-residential,3,C,15,152,1520
1521,General Contractors-Single-family Houses,4,C,15,152,1521
1522,"General Contractors-residential Buildings, Other Than Single-family",4,C,15,152,1522
153,Operative Builders,3,C,15,153,1530
1531,Operative Builders,4,C,15,153,1531
154,General Building Contractors-Nonresidential,3,C,15,154,1540
1541,General Contractors-Industrial Buildings and Warehouses,4,C,15,154,1541
1542,"General Contractors-Nonresidential Buildings, Other Than Industrial Buildings and Warehouses",4,C,15,154,1542
16,Heavy Construction Other Than Building Construction Contractors,2,C,16,160,1600
161,"Highway and Street Construction, Except",3,C,16,161,1610
1611,"Highway and Street Construction, Except Elevated Highways",4,C,16,161,1611
162,"Heavy Construction, Except Highway and Street",3,C,16,162,1620
1622,"Bridge, Tunnel, and Elevated Highway Construction",4,C,16,162,1622
1623,"Water, Sewer, Pipeline, and Communications and Power Line",4,C,16,162,1623
1629,"Heavy Construction, Not Elsewhere Classified",4,C,16,162,1629
17,Construction Special Trade Contractors,2,C,17,170,1700
171,"Plumbing, Heating and Air-conditioning",3,C,17,171,1710
1711,"Plumbing, Heating and Air-conditioning",4,C,17,171,1711
172,Painting and Paper Hanging,3,C,17,172,1720
1721,Painting and Paper Hanging,4,C,17,172,1721
173,Electrical Work,3,C,17,173,1730
1731,Electrical Work,4,C,17,173,1731
174,"Masonry, Stonework, Tile Setting, and Plastering",3,C,17,174,1740
1741,"Masonry, Stone Setting, and Other Stone Work",4,C,17,174,1741
1742,"Plastering, Drywall, Acoustical, and Insulation Work",4,C,17,174,1742
1743,"Terrazzo, Tile, Marble, and Mosaic Work",4,C,17,174,1743
175,Carpentry and Floor Work,3,C,17,175,1750
1751,Carpentry Work,4,C,17,175,1751
1752,"Floor Laying and Other Floor Work, Not Elsewhere Classified",4,C,17,175,1752
176,"Roofing, Siding, and Sheet Metal Work",3,C,17,176,1760
1761,"Roofing, Siding, and Sheet Metal Work",4,C,17,176,1761
177,Concrete Work,3,C,17,177,1770
1771,Concrete Work,4,C,17,177,1771
178,Water Well Drilling,3,C,17,178,1780
1781,Water Well Drilling,4,C,17,178,1781
179,Miscellaneous Special Trade Contractors,3,C,17,179,1790
1791,Structural Steel Erection,4,C,17,179,1791
1793,Glass and Glazing Work,4,C,17,179,1793
1794,Excavation Work,4,C,17,179,1794
1795,Wrecking and Demolition Work,4,C,17,179,1795
1796,"Installation Or Erection Of Building Equipment, Not Elsewhere Classified",4,C,17,179,1796
1799,"Special Trade Contractors, Not Elsewhere Classified",4,C,17,179,1799
D,Division D Manufacturing,1,D,NA,NA,NA
20,Food and Kindred Products,2,D,20,200,2000
201,Meat Products,3,D,20,201,2010
2011,Meat Packing Plants,4,D,20,201,2011
2013,Sausages and Other Prepared Meat Products,4,D,20,201,2013
2015,Poultry Slaughtering and Processing,4,D,20,201,2015
202,Dairy Products,3,D,20,202,2020
2021,Creamery Butter,4,D,20,202,2021
2022,"Natural, Processed, and Imitation Cheese",4,D,20,202,2022
2023,"Dry, Condensed, and Evaporated Dairy Products",4,D,20,202,2023
2024,Ice Cream and Frozen Desserts,4,D,20,202,2024
2026,Fluid Milk,4,D,20,202,2026
203,"Canned, Frozen, and Preserved Fruits, Vegetables, and Food Specialties",3,D,20,203,2030
2032,Canned Specialties,4,D,20,203,2032
2033,"Canned Fruits, Vegetables, Preserves, Jams, and Jellies",4,D,20,203,2033
2034,"Dried and Dehydrated Fruits, Vegetables, and Soup Mixes",4,D,20,203,2034
2035,"Pickled Fruits and Vegetables, Vegetable Sauces and Seasonings, and Salad Dressings",4,D,20,203,2035
2037,"Frozen Fruits, Fruit Juices, and Vegetables",4,D,20,203,2037
2038,"Frozen Specialties, Not Elsewhere Classified",4,D,20,203,2038
204,Grain Mill Products,3,D,20,204,2040
2041,Flour and Other Grain Mill Products,4,D,20,204,2041
2043,Cereal Breakfast Foods,4,D,20,204,2043
2044,Rice Milling,4,D,20,204,2044
2045,Prepared Flour Mixes and Doughs,4,D,20,204,2045
2046,Wet Corn Milling,4,D,20,204,2046
2047,Dog and Cat Food,4,D,20,204,2047
2048,"Prepared Feeds and Feed Ingredients For Animals and Fowls, Except Dogs and Cats",4,D,20,204,2048
205,Bakery Products,3,D,20,205,2050
2051,"Bread and Other Bakery Products, Except Cookies and Crackers",4,D,20,205,2051
2052,Cookies and Crackers,4,D,20,205,2052
2053,"Frozen Bakery Products, Except Bread",4,D,20,205,2053
206,Sugar and Confectionery Products,3,D,20,206,2060
2061,"Cane Sugar, Except Refining",4,D,20,206,2061
2062,Cane Sugar Refining,4,D,20,206,2062
2063,Beet Sugar,4,D,20,206,2063
2064,Candy and Other Confectionery Products,4,D,20,206,2064
2066,Chocolate and Cocoa Products,4,D,20,206,2066
2067,Chewing Gum,4,D,20,206,2067
2068,Salted and Roasted Nuts and Seeds,4,D,20,206,2068
207,Fats and Oils,3,D,20,207,2070
2074,Cottonseed Oil Mills,4,D,20,207,2074
2075,Soybean Oil Mills,4,D,20,207,2075
2076,"Vegetable Oil Mills, Except Corn, Cottonseed, and Soybean",4,D,20,207,2076
2077,Animal and Marine Fats and Oils,4,D,20,207,2077
2079,"Shortening, Table Oils, Margarine, and Other Edible Fats and Oils, Not Elsewhere Classified",4,D,20,207,2079
208,Beverages,3,D,20,208,2080
2082,Malt Beverages,4,D,20,208,2082
2083,Malt,4,D,20,208,2083
2084,"Wines, Brandy, and Brandy Spirits",4,D,20,208,2084
2085,Distilled and Blended Liquors,4,D,20,208,2085
2086,Bottled and Canned Soft Drinks and Carbonated Waters,4,D,20,208,2086
2087,"Flavoring Extracts and Flavoring Syrups, Not Elsewhere Classified",4,D,20,208,2087
209,Miscellaneous Food Preparations and Kindred,3,D,20,209,2090
2091,Canned and Cured Fish and Seafoods,4,D,20,209,2091
2092,Prepared Fresh Or Frozen Fish and Seafoods,4,D,20,209,2092
2095,Roasted Coffee,4,D,20,209,2095
2096,"Potato Chips, Corn Chips, and Similar Snacks",4,D,20,209,2096
2097,Manufactured Ice,4,D,20,209,2097
2098,"Macaroni, Spaghetti, Vermicelli, and Noodles",4,D,20,209,2098
2099,"Food Preparations, Not Elsewhere Classified",4,D,20,209,2099
21,Tobacco Products,2,D,21,210,2100
211,Cigarettes,3,D,21,211,2110
2111,Cigarettes,4,D,21,211,2111
212,Cigars,3,D,21,212,2120
2121,Cigars,4,D,21,212,2121
213,Chewing and Smoking Tobacco and Snuff,3,D,21,213,2130
2131,Chewing and Smoking Tobacco and Snuff,4,D,21,213,2131
214,Tobacco Stemming and Redrying,3,D,21,214,2140
2141,Tobacco Stemming and Redrying,4,D,21,214,2141
22,Textile Mill Products,2,D,22,220,2200
221,"Broadwoven Fabric Mills, Cotton",3,D,22,221,2210
2211,"Broadwoven Fabric Mills, Cotton",4,D,22,221,2211
222,"Broadwoven Fabric Mills, Manmade Fiber and Silk",3,D,22,222,2220
2221,"Broadwoven Fabric Mills, Manmade Fiber and Silk",4,D,22,222,2221
223,"Broadwoven Fabric Mills, Wool (including Dyeing and Finishing)",3,D,22,223,2230
2231,"Broadwoven Fabric Mills, Wool (including Dyeing and Finishing)",4,D,22,223,2231
224,"Narrow Fabric and Other Smallwares Mills Cotton, Wool, Silk, and Manmade Fiber",3,D,22,224,2240
2241,"Narrow Fabric and Other Smallwares Mills Cotton, Wool, Silk, and Manmade Fiber",4,D,22,224,2241
225,Knitting Mills,3,D,22,225,2250
2251,"Women's Full-length and Knee-length Hosiery, Except Socks",4,D,22,225,2251
2252,"Hosiery, Not Elsewhere Classified",4,D,22,225,2252
2253,Knit Outerwear Mills,4,D,22,225,2253
2254,Knit Underwear and Nightwear Mills,4,D,22,225,2254
2257,Weft Knit Fabric Mills,4,D,22,225,2257
2258,Lace and Warp Knit Fabric Mills,4,D,22,225,2258
2259,"Knitting Mills, Not Elsewhere Classified",4,D,22,225,2259
226,"Dyeing and Finishing Textiles, Except Wool Fabrics",3,D,22,226,2260
2261,Finishers Of Broadwoven Fabrics Of Cotton,4,D,22,226,2261
2262,Finishers Of Broadwoven Fabrics Of Manmade Fiber and Silk,4,D,22,226,2262
2269,"Finishers Of Textiles, Not Elsewhere Classified",4,D,22,226,2269
227,Carpets and Rugs,3,D,22,227,2270
2273,Carpets and Rugs,4,D,22,227,2273
228,Yarn and Thread Mills,3,D,22,228,2280
2281,Yarn Spinning Mills,4,D,22,228,2281
2282,"Yarn Texturizing, Throwing, Twisting, and Winding Mills",4,D,22,228,2282
2284,Thread Mills,4,D,22,228,2284
229,Miscellaneous Textile Goods,3,D,22,229,2290
2295,"Coated Fabrics, Not Rubberized",4,D,22,229,2295
2296,Tire Cord and Fabrics,4,D,22,229,2296
2297,Non-woven Fabrics,4,D,22,229,2297
2298,Cordage and Twine,4,D,22,229,2298
2299,"Textile Goods, Not Elsewhere Classified",4,D,22,229,2299
23,Apparel and Other Finished Products Made From Fabrics and Similar Materials,2,D,23,230,2300
231,"Men's and Boys' Suits, Coats, and Overcoats",3,D,23,231,2310
2311,"Men's and Boys' Suits, Coats, and Overcoats",4,D,23,231,2311
232,"Men's and Boys' Furnishings, Work Clothing, and Allied Garments",3,D,23,232,2320
2321,"Men's and Boys' Shirts, Except Work Shirts",4,D,23,232,2321
2322,Men's and Boys' Underwear and Nightwear,4,D,23,232,2322
2323,Men's and Boys' Neckwear,4,D,23,232,2323
2325,Men's and Boys' Separate Trousers and Slacks,4,D,23,232,2325
2326,Men's and Boys' Work Clothing,4,D,23,232,2326
2329,"Men's and Boys' Clothing, Not Elsewhere Classified",4,D,23,232,2329
233,"Women's, Misses', and Juniors' Outerwear",3,D,23,233,2330
2331,"Women's, Misses', and Juniors' Blouses and Shirts",4,D,23,233,2331
2335,"Women's, Misses', and Juniors' Dresses",4,D,23,233,2335
2337,"Women's, Misses', and Juniors' Suits, Skirts, and Coats",4,D,23,233,2337
2339,"Women's, Misses', and Juniors' Outerwear, Not Elsewhere Classified",4,D,23,233,2339
234,"Women's, Misses', Children's, and Infants' Undergarments",3,D,23,234,2340
2341,"Women's, Misses', Children's, and Infants' Underwear And Nightwear",4,D,23,234,2341
2342,"Brassieres, Girdles, and Allied Garments",4,D,23,234,2342
235,"Hats, Caps, and Millinery",3,D,23,235,2350
2353,"Hats, Caps, and Millinery",4,D,23,235,2353
236,"Girls', Children's, and Infants' Outerwear",3,D,23,236,2360
2361,"Girls', Children's, and Infants' Dresses, Blouses, and Shirts",4,D,23,236,2361
2369,"Girls', Children's, and Infants' Outerwear, Not Elsewhere Classified",4,D,23,236,2369
237,Fur Goods,3,D,23,237,2370
2371,Fur Goods,4,D,23,237,2371
238,Miscellaneous Apparel and Accessories,3,D,23,238,2380
2381,"Dress and Work Gloves, Except Knit and All-Leather",4,D,23,238,2381
2384,Robes and Dressing Gowns,4,D,23,238,2384
2385,Waterproof Outerwear,4,D,23,238,2385
2386,Leather and Sheep-Lined Clothing,4,D,23,238,2386
2387,Apparel Belts,4,D,23,238,2387
2389,"Apparel and Accessories, Not Elsewhere Classified",4,D,23,238,2389
239,Miscellaneous Fabricated Textile Products,3,D,23,239,2390
2391,Curtains and Draperies,4,D,23,239,2391
2392,"House Furnishing, Except Curtains and Draperies",4,D,23,239,2392
2393,Textile Bags,4,D,23,239,2393
2394,Canvas and Related Products,4,D,23,239,2394
2395,"Pleating, Decorative and Novelty Stitching, and Tucking For The Trade",4,D,23,239,2395
2396,"Automotive Trimmings, Apparel Findings, and Related Products",4,D,23,239,2396
2397,Schiffli Machine Embroideries,4,D,23,239,2397
2399,"Fabricated Textile Products, Not Elsewhere Classified",4,D,23,239,2399
24,"Lumber and Wood Products, Except Furniture",2,D,24,240,2400
241,Logging,3,D,24,241,2410
2411,Logging,4,D,24,241,2411
242,"Sawmills and Planing Mills, General",3,D,24,242,2420
2421,"Sawmills and Planing Mills, General",4,D,24,242,2421
2426,Hardwood Dimension and Flooring Mills,4,D,24,242,2426
2429,"Special Product Sawmills, Not Elsewhere Classified",4,D,24,242,2429
243,"Millwork, Veneer, Plywood, and Structural Wood",3,D,24,243,2430
2431,Millwork,4,D,24,243,2431
2434,Wood Kitchen Cabinets,4,D,24,243,2434
2435,Hardwood Veneer and Plywood,4,D,24,243,2435
2436,Softwood Veneer and Plywood,4,D,24,243,2436
2439,"Structural Wood Members, Not Elsewhere Classified",4,D,24,243,2439
244,Wood Containers,3,D,24,244,2440
2441,Nailed and Lock Corner Wood Boxes and Shook,4,D,24,244,2441
2448,Wood Pallets and Skids,4,D,24,244,2448
2449,"Wood Containers, Not Elsewhere Classified",4,D,24,244,2449
245,Wood Buildings and Mobile Homes,3,D,24,245,2450
2451,Mobile Homes,4,D,24,245,2451
2452,Prefabricated Wood Buildings and Components,4,D,24,245,2452
249,Miscellaneous Wood Products,3,D,24,249,2490
2491,Wood Preserving,4,D,24,249,2491
2493,Reconstituted Wood Products,4,D,24,249,2493
2499,"Wood Products, Not Elsewhere Classified",4,D,24,249,2499
25,Furniture and Fixtures,2,D,25,250,2500
251,Household Furniture,3,D,25,251,2510
2511,"Wood Household Furniture, Except Upholstered",4,D,25,251,2511
2512,"Wood Household Furniture, Upholstered",4,D,25,251,2512
2514,Metal Household Furniture,4,D,25,251,2514
2515,"Mattresses, Foundations, and Convertible Beds",4,D,25,251,2515
2517,"Wood Television, Radio, Phonograph, and Sewing Machine Cabinets",4,D,25,251,2517
2519,"Household Furniture, Not Elsewhere Classified",4,D,25,251,2519
252,Office Furniture,3,D,25,252,2520
2521,Wood Office Furniture,4,D,25,252,2521
2522,"Office Furniture, Except Wood",4,D,25,252,2522
253,Public Building and Related Furniture,3,D,25,253,2530
2531,Public Building and Related Furniture,4,D,25,253,2531
254,"Partitions, Shelving, Lockers, and Office And",3,D,25,254,2540
2541,"Wood Office and Store Fixtures, Partitions, Shelving, and Lockers",4,D,25,254,2541
2542,"Office and Store Fixtures, Partitions, Shelving, and Lockers, Except Wood",4,D,25,254,2542
259,Miscellaneous Furniture and Fixtures,3,D,25,259,2590
2591,Drapery Hardware and Window Blinds and Shades,4,D,25,259,2591
2599,"Furniture and Fixtures, Not Elsewhere Classified",4,D,25,259,2599
26,Paper and Allied Products,2,D,26,260,2600
261,Pulp Mills,3,D,26,261,2610
2611,Pulp Mills,4,D,26,261,2611
262,Paper Mills,3,D,26,262,2620
2621,Paper Mills,4,D,26,262,2621
263,Paperboard Mills,3,D,26,263,2630
2631,Paperboard Mills,4,D,26,263,2631
265,Paperboard Containers and Boxes,3,D,26,265,2650
2652,Setup Paperboard Boxes,4,D,26,265,2652
2653,Corrugated and Solid Fiber Boxes,4,D,26,265,2653
2655,"Fiber Cans, Tubes, Drums, and Similar Products",4,D,26,265,2655
2656,"Sanitary Food Containers, Except Folding",4,D,26,265,2656
2657,"Folding Paperboard Boxes, Including Sanitary",4,D,26,265,2657
267,"Converted Paper and Paperboard Products, Except Containers and Boxes",3,D,26,267,2670
2671,"Packaging Paper and Plastics Film, Coated and Laminated",4,D,26,267,2671
2672,"Coated and Laminated Paper, Not Elsewhere Classified",4,D,26,267,2672
2673,"Plastics, Foil, and Coated Paper Bags",4,D,26,267,2673
2674,Uncoated Paper and Multiwall Bags,4,D,26,267,2674
2675,Die-Cut Paper and Paperboard and Cardboard,4,D,26,267,2675
2676,Sanitary Paper Products,4,D,26,267,2676
2677,Envelopes,4,D,26,267,2677
2678,"Stationery, Tablets, and Related Products",4,D,26,267,2678
2679,"Converted Paper and Paperboard Products, Not Elsewhere Classified",4,D,26,267,2679
27,"Printing, Publishing, and Allied Industries",2,D,27,270,2700
271,"Newspapers Publishing, Or Publishing and Printing",3,D,27,271,2710
2711,"Newspapers Publishing, Or Publishing and Printing",4,D,27,271,2711
272,"Periodicals Publishing, Or Publishing and Printing",3,D,27,272,2720
2721,"Periodicals Publishing, Or Publishing and Printing",4,D,27,272,2721
273,Books,3,D,27,273,2730
2731,"Books Publishing, Or Publishing and Printing",4,D,27,273,2731
2732,Book Printing,4,D,27,273,2732
274,Miscellaneous Publishing,3,D,27,274,2740
2741,Miscellaneous Publishing,4,D,27,274,2741
275,Commercial Printing,3,D,27,275,2750
2752,"Commercial Printing, Lithographic",4,D,27,275,2752
2754,"Commercial Printing, Gravure",4,D,27,275,2754
2759,"Commercial Printing, Not Elsewhere Classified",4,D,27,275,2759
276,Manifold Business Forms,3,D,27,276,2760
2761,Manifold Business Forms,4,D,27,276,2761
277,Greeting Cards,3,D,27,277,2770
2771,Greeting Cards,4,D,27,277,2771
278,"Blankbooks, Looseleaf Binders, and Bookbinding",3,D,27,278,2780
2782,"Blankbooks, Looseleaf Binders and Devices",4,D,27,278,2782
2789,Bookbinding and Related Work,4,D,27,278,2789
279,Service Industries For The Printing Trade,3,D,27,279,2790
2791,Typesetting,4,D,27,279,2791
2796,Platemaking and Related Services,4,D,27,279,2796
28,Chemicals and Allied Products,2,D,28,280,2800
281,Industrial Inorganic Chemicals,3,D,28,281,2810
2812,Alkalies and Chlorine,4,D,28,281,2812
2813,Industrial Gases,4,D,28,281,2813
2816,Inorganic Pigments,4,D,28,281,2816
2819,"Industrial Inorganic Chemicals, Not Elsewhere Classified",4,D,28,281,2819
282,"Plastics Materials and Synthetic Resins, Synthetic Rubber, Cellulosic and Other Manmade Fibers, Except Glass",3,D,28,282,2820
2821,"Plastics Materials, Synthetic Resins, and Nonvulcanizable Elastomers",4,D,28,282,2821
2822,Synthetic Rubber (Vulcanizable Elastomers),4,D,28,282,2822
2823,Cellulosic Manmade Fibers,4,D,28,282,2823
2824,"Manmade Organic Fibers, Except Cellulosic",4,D,28,282,2824
283,Drugs,3,D,28,283,2830
2833,Medicinal Chemicals and Botanical Products,4,D,28,283,2833
2834,Pharmaceutical Preparations,4,D,28,283,2834
2835,In Vitro and In Vivo Diagnostic Substances,4,D,28,283,2835
2836,"Biological Products, Except Diagnostic Substances",4,D,28,283,2836
284,"Soap, Detergents, and Cleaning Preparations; Perfumes, Cosmetics, and Other Toilet Preparations",3,D,28,284,2840
2841,"Soap and Other Detergents, Except Specialty Cleaners",4,D,28,284,2841
2842,"Specialty Cleaning, Polishing, and Sanitation Preparations",4,D,28,284,2842
2843,"Surface Active Agents, Finishing Agents, Sulfonated Oils, and Assistants",4,D,28,284,2843
2844,"Perfumes, Cosmetics, and Other Toilet Preparations",4,D,28,284,2844
285,"Paints, Varnishes, Lacquers, Enamels, and Allied Products",3,D,28,285,2850
2851,"Paints, Varnishes, Lacquers, Enamels, and Allied Products",4,D,28,285,2851
286,Industrial Organic Chemicals,3,D,28,286,2860
2861,Gum and Wood Chemicals,4,D,28,286,2861
2865,"Cyclic Organic Crudes and Intermediates, and Organic Dyes and Pigments",4,D,28,286,2865
2869,"Industrial Organic Chemicals, Not Elsewhere Classified",4,D,28,286,2869
287,Agricultural Chemicals,3,D,28,287,2870
2873,Nitrogenous Fertilizers,4,D,28,287,2873
2874,Phosphatic Fertilizers,4,D,28,287,2874
2875,"Fertilizers, Mixing Only",4,D,28,287,2875
2879,"Pesticides and Agricultural Chemicals, Not Elsewhere Classified",4,D,28,287,2879
289,Miscellaneous Chemical Products,3,D,28,289,2890
2891,Adhesives and Sealants,4,D,28,289,2891
2892,Explosives,4,D,28,289,2892
2893,Printing Ink,4,D,28,289,2893
2895,Carbon Black,4,D,28,289,2895
2899,"Chemicals and Chemical Preparations, Not Elsewhere Classified",4,D,28,289,2899
29,Petroleum Refining and Related Industries,2,D,29,290,2900
291,Petroleum Refining,3,D,29,291,2910
2911,Petroleum Refining,4,D,29,291,2911
295,Asphalt Paving and Roofing Materials,3,D,29,295,2950
2951,Asphalt Paving Mixtures and Blocks,4,D,29,295,2951
2952,Asphalt Felts and Coatings,4,D,29,295,2952
299,Miscellaneous Products Of Petroleum and Coal,3,D,29,299,2990
2992,Lubricating Oils and Greases,4,D,29,299,2992
2999,"Products Of Petroleum and Coal, Not Elsewhere Classified",4,D,29,299,2999
30,Rubber and Miscellaneous Plastics Products,2,D,30,300,3000
301,Tires and Inner Tubes,3,D,30,301,3010
3011,Tires and Inner Tubes,4,D,30,301,3011
302,Rubber and Plastics Footwear,3,D,30,302,3020
3021,Rubber and Plastics Footwear,4,D,30,302,3021
305,"Gaskets, Packing, and Sealing Devices and Rubber",3,D,30,305,3050
3052,Rubber and Plastics Hose and Belting,4,D,30,305,3052
3053,"Gaskets, Packing, and Sealing Devices",4,D,30,305,3053
306,"Fabricated Rubber Products, Not Elsewhere",3,D,30,306,3060
3061,"Molded, Extruded, and Lathe-Cut Mechanical Rubber Goods",4,D,30,306,3061
3069,"Fabricated Rubber Products, Not Elsewhere Classified",4,D,30,306,3069
308,Miscellaneous Plastics Products,3,D,30,308,3080
3081,Unsupported Plastics Film and Sheet,4,D,30,308,3081
3082,Unsupported Plastics Profile Shapes,4,D,30,308,3082
3083,"Laminated Plastics Plate, Sheet, and Profile Shapes",4,D,30,308,3083
3084,Plastics Pipe,4,D,30,308,3084
3085,Plastics Bottles,4,D,30,308,3085
3086,Plastics Foam Products,4,D,30,308,3086
3087,Custom Compounding Of Purchased Plastics Resins,4,D,30,308,3087
3088,Plastics Plumbing Fixtures,4,D,30,308,3088
3089,"Plastics Products, Not Elsewhere Classified",4,D,30,308,3089
31,Leather and Leather Products,2,D,31,310,3100
311,Leather Tanning and Finishing,3,D,31,311,3110
3111,Leather Tanning and Finishing,4,D,31,311,3111
313,Boot and Shoe Cut Stock and Findings,3,D,31,313,3130
3131,Boot and Shoe Cut Stock and Findings,4,D,31,313,3131
314,"Footwear, Except Rubber",3,D,31,314,3140
3142,House Slippers,4,D,31,314,3142
3143,"Men's Footwear, Except Athletic",4,D,31,314,3143
3144,"Women's Footwear, Except Athletic",4,D,31,314,3144
3149,"Footwear, Except Rubber, Not Elsewhere Classified",4,D,31,314,3149
315,Leather Gloves and Mittens,3,D,31,315,3150
3151,Leather Gloves and Mittens,4,D,31,315,3151
316,Luggage,3,D,31,316,3160
3161,Luggage,4,D,31,316,3161
317,Handbags and Other Personal Leather Goods,3,D,31,317,3170
3171,Women's Handbags and Purses,4,D,31,317,3171
3172,"Personal Leather Goods, Except Women's Handbags and Purses",4,D,31,317,3172
319,"Leather Goods, Not Elsewhere Classified",3,D,31,319,3190
3199,"Leather Goods, Not Elsewhere Classified",4,D,31,319,3199
32,"Stone, Clay, Glass, and Concrete Products",2,D,32,320,3200
321,Flat Glass,3,D,32,321,3210
3211,Flat Glass,4,D,32,321,3211
322,"Glass and Glassware, Pressed Or Blown",3,D,32,322,3220
3221,Glass Containers,4,D,32,322,3221
3229,"Pressed and Blown Glass and Glassware, Not Elsewhere Classified",4,D,32,322,3229
323,"Glass Products, Made Of Purchased Glass",3,D,32,323,3230
3231,"Glass Products, Made Of Purchased Glass",4,D,32,323,3231
324,"Cement, Hydraulic",3,D,32,324,3240
3241,"Cement, Hydraulic",4,D,32,324,3241
325,Structural Clay Products,3,D,32,325,3250
3251,Brick and Structural Clay Tile,4,D,32,325,3251
3253,Ceramic Wall and Floor Tile,4,D,32,325,3253
3255,Clay Refractories,4,D,32,325,3255
3259,"Structural Clay Products, Not Elsewhere Classified",4,D,32,325,3259
326,Pottery and Related Products,3,D,32,326,3260
3261,Vitreous China Plumbing Fixtures and China and Earthenware Fittings,4,D,32,326,3261
3262,Vitreous China Table and Kitchen Articles,4,D,32,326,3262
3263,Fine Earthenware (Whiteware) Table and Kitchen Articles,4,D,32,326,3263
3264,Porcelain Electrical Supplies,4,D,32,326,3264
3269,"Pottery Products, Not Elsewhere Classified",4,D,32,326,3269
327,"Concrete, Gypsum, and Plaster Products",3,D,32,327,3270
3271,Concrete Block and Brick,4,D,32,327,3271
3272,"Concrete Products, Except Block and Brick",4,D,32,327,3272
3273,Ready-mixed Concrete,4,D,32,327,3273
3274,Lime,4,D,32,327,3274
3275,Gypsum Products,4,D,32,327,3275
328,Cut Stone and Stone Products,3,D,32,328,3280
3281,Cut Stone and Stone Products,4,D,32,328,3281
329,"Abrasive, Asbestos, and Miscellaneous",3,D,32,329,3290
3291,Abrasive Products,4,D,32,329,3291
3292,Asbestos Products,4,D,32,329,3292
3295,"Minerals and Earths, Ground Or Otherwise Treated",4,D,32,329,3295
3296,Mineral Wool,4,D,32,329,3296
3297,Nonclay Refractories,4,D,32,329,3297
3299,"Nonmetallic Mineral Products, Not Elsewhere Classified",4,D,32,329,3299
33,Primary Metal Industries,2,D,33,330,3300
331,"Steel Works, Blast Furnaces, and Rolling And",3,D,33,331,3310
3312,"Steel Works, Blast Furnaces (Including Coke Ovens), and Rolling Mills",4,D,33,331,3312
3313,"Electrometallurgical Products, Except Steel",4,D,33,331,3313
3315,Steel Wiredrawing and Steel Nails and Spikes,4,D,33,331,3315
3316,"Cold-Rolled Steel Sheet, Strip, and Bars",4,D,33,331,3316
3317,Steel Pipe and Tubes,4,D,33,331,3317
332,Iron and Steel Foundries,3,D,33,332,3320
3321,Gray and Ductile Iron Foundries,4,D,33,332,3321
3322,Malleable Iron Foundries,4,D,33,332,3322
3324,Steel Investment Foundries,4,D,33,332,3324
3325,"Steel Foundries, Not Elsewhere Classified",4,D,33,332,3325
333,Primary Smelting and Refining Of Nonferrous Metals,3,D,33,333,3330
3331,Primary Smelting and Refining Of Copper,4,D,33,333,3331
3334,Primary Production Of Aluminum,4,D,33,333,3334
3339,"Primary Smelting and Refining Of Nonferrous Metals, Except Copper and Aluminum",4,D,33,333,3339
334,Secondary Smelting and Refining Of Nonferrous Metals,3,D,33,334,3340
3341,Secondary Smelting and Refining Of Nonferrous Metals,4,D,33,334,3341
335,"Rolling, Drawing, and Extruding Of Nonferrous Metals",3,D,33,335,3350
3351,"Rolling, Drawing, and Extruding Of Copper",4,D,33,335,3351
3353,"Aluminum Sheet, Plate, and Foil",4,D,33,335,3353
3354,Aluminum Extruded Products,4,D,33,335,3354
3355,"Aluminum Rolling and Drawing, Not Elsewhere Classified",4,D,33,335,3355
3356,"Rolling, Drawing, and Extruding Of Nonferrous Metals, Except Copper and Aluminum",4,D,33,335,3356
3357,Drawing and Insulating Of Nonferrous Wire,4,D,33,335,3357
336,Nonferrous Foundries (Castings),3,D,33,336,3360
3363,Aluminum Die-Castings,4,D,33,336,3363
3364,"Nonferrous Die-Castings, Except Aluminum",4,D,33,336,3364
3365,Aluminum Foundries,4,D,33,336,3365
3366,Copper Foundries,4,D,33,336,3366
3369,"Nonferrous Foundries, Except Aluminum and Copper",4,D,33,336,3369
339,Miscellaneous Primary Metal Products,3,D,33,339,3390
3398,Metal Heat Treating,4,D,33,339,3398
3399,"Primary Metal Products, Not Elsewhere Classified",4,D,33,339,3399
34,"Fabricated Metal Products, Except Machinery and Transportation Equipment",2,D,34,340,3400
341,Metal Cans and Shipping Containers,3,D,34,341,3410
3411,Metal Cans,4,D,34,341,3411
3412,"Metal Shipping Barrels, Drums, Kegs, and Pails",4,D,34,341,3412
342,"Cutlery, Handtools, and General Hardware",3,D,34,342,3420
3421,Cutlery,4,D,34,342,3421
3423,"Hand and Edge Tools, Except Machine Tools and Handsaws",4,D,34,342,3423
3425,Saw Blades and Handsaws,4,D,34,342,3425
3429,"Hardware, Not Elsewhere Classified",4,D,34,342,3429
343,"Heating Equipment, Except Electric and Warm Air; and Plumbing Fixtures",3,D,34,343,3430
3431,Enameled Iron and Metal Sanitary Ware,4,D,34,343,3431
3432,Plumbing Fixture Fittings and Trim,4,D,34,343,3432
3433,"Heating Equipment, Except Electric and Warm Air Furnaces",4,D,34,343,3433
344,Fabricated Structural Metal Products,3,D,34,344,3440
3441,Fabricated Structural Metal,4,D,34,344,3441
3442,"Metal Doors, Sash, Frames, Molding, and Trim",4,D,34,344,3442
3443,Fabricated Plate Work (Boiler Shops),4,D,34,344,3443
3444,Sheet Metal Work,4,D,34,344,3444
3446,Architectural and Ornamental Metal Work,4,D,34,344,3446
3448,Prefabricated Metal Buildings and Components,4,D,34,344,3448
3449,Miscellaneous Structural Metal Work,4,D,34,344,3449
345,"Screw Machine Products, and Bolts, Nuts, Screws, Rivets, and Washers",3,D,34,345,3450
3451,Screw Machine Products,4,D,34,345,3451
3452,"Bolts, Nuts, Screws, Rivets, and Washers",4,D,34,345,3452
346,Metal Forgings and Stampings,3,D,34,346,3460
3462,Iron and Steel Forgings,4,D,34,346,3462
3463,Nonferrous Forgings,4,D,34,346,3463
3465,Automotive Stampings,4,D,34,346,3465
3466,Crowns and Closures,4,D,34,346,3466
3469,"Metal Stampings, Not Elsewhere Classified",4,D,34,346,3469
347,"Coating, Engraving, and Allied Services",3,D,34,347,3470
3471,"Electroplating, Plating, Polishing, Anodizing, and Coloring",4,D,34,347,3471
3479,"Coating, Engraving, and Allied Services, Not Elsewhere Classified",4,D,34,347,3479
348,"Ordnance and Accessories, Except Vehicles and Guided Missiles",3,D,34,348,3480
3482,Small Arms Ammunition,4,D,34,348,3482
3483,"Ammunition, Except For Small Arms",4,D,34,348,3483
3484,Small Arms,4,D,34,348,3484
3489,"Ordnance and Accessories, Not Elsewhere Classified",4,D,34,348,3489
349,Miscellaneous Fabricated Metal Products,3,D,34,349,3490
3491,Industrial Valves,4,D,34,349,3491
3492,Fluid Power Valves and Hose Fittings,4,D,34,349,3492
3493,"Steel Springs, Except Wire",4,D,34,349,3493
3494,"Valves and Pipe Fittings, Not Elsewhere Classified",4,D,34,349,3494
3495,Wire Springs,4,D,34,349,3495
3496,Miscellaneous Fabricated Wire Products,4,D,34,349,3496
3497,Metal Foil and Leaf,4,D,34,349,3497
3498,Fabricated Pipe and Pipe Fittings,4,D,34,349,3498
3499,"Fabricated Metal Products, Not Elsewhere Classified",4,D,34,349,3499
35,Industrial and Commercial Machinery and Computer Equipment,2,D,35,350,3500
351,Engines and Turbines,3,D,35,351,3510
3511,"Steam, Gas, and Hydraulic Turbines, and Turbine Generator Set Units",4,D,35,351,3511
3519,"Internal Combustion Engines, Not Elsewhere Classified",4,D,35,351,3519
352,Farm and Garden Machinery and Equipment,3,D,35,352,3520
3523,Farm Machinery and Equipment,4,D,35,352,3523
3524,Lawn and Garden Tractors and Home Lawn and Garden Equipment,4,D,35,352,3524
353,"Construction, Mining, and Materials Handling",3,D,35,353,3530
3531,Construction Machinery and Equipment,4,D,35,353,3531
3532,"Mining Machinery and Equipment, Except Oil and Gas Field",4,D,35,353,3532
3533,Oil and Gas Field Machinery and Equipment,4,D,35,353,3533
3534,Elevators and Moving Stairways,4,D,35,353,3534
3535,Conveyors and Conveying Equipment,4,D,35,353,3535
3536,"Overhead Traveling Cranes, Hoists, and Monorail Systems",4,D,35,353,3536
3537,"Industrial Trucks, Tractors, Trailers, and Stackers",4,D,35,353,3537
354,Metalworking Machinery and Equipment,3,D,35,354,3540
3541,"Machine Tools, Metal Cutting Types",4,D,35,354,3541
3542,"Machine Tools, Metal Forming Types",4,D,35,354,3542
3543,Industrial Patterns,4,D,35,354,3543
3544,"Special Dies and Tools, Die Sets, Jigs and Fixtures, and Industrial Molds",4,D,35,354,3544
3545,"Cutting Tools, Machine Tool Accessories, and Machinists' Precision Measuring Devices",4,D,35,354,3545
3546,Power-Driven Handtools,4,D,35,354,3546
3547,Rolling Mill Machinery and Equipment,4,D,35,354,3547
3548,Electric and Gas Welding and Soldering Equipment,4,D,35,354,3548
3549,"Metalworking Machinery, Not Elsewhere Classified",4,D,35,354,3549
355,"Special Industry Machinery, Except Metalworking",3,D,35,355,3550
3552,Textile Machinery,4,D,35,355,3552
3553,Woodworking Machinery,4,D,35,355,3553
3554,Paper Industries Machinery,4,D,35,355,3554
3555,Printing Trades Machinery and Equipment,4,D,35,355,3555
3556,Food Products Machinery,4,D,35,355,3556
3559,"Special Industry Machinery, Not Elsewhere Classified",4,D,35,355,3559
356,General Industrial Machinery and Equipment,3,D,35,356,3560
3561,Pumps and Pumping Equipment,4,D,35,356,3561
3562,Ball and Roller Bearings,4,D,35,356,3562
3563,Air and Gas Compressors,4,D,35,356,3563
3564,Industrial and Commercial Fans and Blowers and Air Purification Equipment,4,D,35,356,3564
3565,Packaging Machinery,4,D,35,356,3565
3566,"Speed Changers, Industrial High-Speed Drives, and Gears",4,D,35,356,3566
3567,Industrial Process Furnaces and Ovens,4,D,35,356,3567
3568,"Mechanical Power Transmission Equipment, Not Elsewhere Classified",4,D,35,356,3568
3569,"General Industrial Machinery and Equipment, Not Elsewhere Classified",4,D,35,356,3569
357,Computer and Office Equipment,3,D,35,357,3570
3571,Electronic Computers,4,D,35,357,3571
3572,Computer Storage Devices,4,D,35,357,3572
3575,Computer Terminals,4,D,35,357,3575
3577,"Computer Peripheral Equipment, Not Elsewhere Classified",4,D,35,357,3577
3578,"Calculating and Accounting Machines, Except Electronic Computers",4,D,35,357,3578
3579,"Office Machines, Not Elsewhere Classified",4,D,35,357,3579
358,Refrigeration and Service Industry Machinery,3,D,35,358,3580
3581,Automatic Vending Machines,4,D,35,358,3581
3582,"Commercial Laundry, Drycleaning, and Pressing Machines",4,D,35,358,3582
3585,Air-Conditioning and Warm Air Heating Equipment and Commercial and Industrial Refrigeration Equipment,4,D,35,358,3585
3586,Measuring and Dispensing Pumps,4,D,35,358,3586
3589,"Service Industry Machinery, Not Elsewhere Classified",4,D,35,358,3589
359,Miscellaneous Industrial and Commercial Machinery and Equipment,3,D,35,359,3590
3592,"Carburetors, Pistons, Piston Rings, and Valves",4,D,35,359,3592
3593,Fluid Power Cylinders and Actuators,4,D,35,359,3593
3594,Fluid Power Pumps and Motors,4,D,35,359,3594
3596,"Scales and Balances, Except Laboratory",4,D,35,359,3596
3599,"Industrial and Commercial Machinery and Equipment, Not Elsewhere Classified",4,D,35,359,3599
36,"Electronic and Other Electrical Equipment and Components, Except Computer Equipment",2,D,36,360,3600
361,Electric Transmission and Distribution Equipment,3,D,36,361,3610
3612,"Power, Distribution, and Specialty Transformers",4,D,36,361,3612
3613,Switchgear and Switchboard Apparatus,4,D,36,361,3613
362,Electrical Industrial Apparatus,3,D,36,362,3620
3621,Motors and Generators,4,D,36,362,3621
3624,Carbon and Graphite Products,4,D,36,362,3624
3625,Relays and Industrial Controls,4,D,36,362,3625
3629,"Electrical Industrial Apparatus, Not Elsewhere Classified",4,D,36,362,3629
363,Household Appliances,3,D,36,363,3630
3631,Household Cooking Equipment,4,D,36,363,3631
3632,Household Refrigerators and Home and Farm Freezers,4,D,36,363,3632
3633,Household Laundry Equipment,4,D,36,363,3633
3634,Electric Housewares and Fans,4,D,36,363,3634
3635,Household Vacuum Cleaners,4,D,36,363,3635
3639,"Household Appliances, Not Elsewhere Classified",4,D,36,363,3639
364,Electric Lighting and Wiring Equipment,3,D,36,364,3640
3641,Electric Lamp Bulbs and Tubes,4,D,36,364,3641
3643,Current-carrying Wiring Devices,4,D,36,364,3643
3644,Noncurrent-carrying Wiring Devices,4,D,36,364,3644
3645,Residential Electric Lighting Fixtures,4,D,36,364,3645
3646,"Commercial, Industrial, and Institutional Electric Lighting Fixtures",4,D,36,364,3646
3647,Vehicular Lighting Equipment,4,D,36,364,3647
3648,"Lighting Equipment, Not Elsewhere Classified",4,D,36,364,3648
365,"Household Audio and Video Equipment, and Audio Recordings",3,D,36,365,3650
3651,Household Audio and Video Equipment,4,D,36,365,3651
3652,Phonograph Records and Prerecorded Audio Tapes and Disks,4,D,36,365,3652
366,Communications Equipment,3,D,36,366,3660
3661,Telephone and Telegraph Apparatus,4,D,36,366,3661
3663,Radio and Television Broadcasting and Communications Equipment,4,D,36,366,3663
3669,"Communications Equipment, Not Elsewhere Classified",4,D,36,366,3669
367,Electronic Components and Accessories,3,D,36,367,3670
3671,Electron Tubes,4,D,36,367,3671
3672,Printed Circuit Boards,4,D,36,367,3672
3674,Semiconductors and Related Devices,4,D,36,367,3674
3675,Electronic Capacitors,4,D,36,367,3675
3676,Electronic Resistors,4,D,36,367,3676
3677,"Electronic Coils, Transformers, and Other Inductors",4,D,36,367,3677
3678,Electronic Connectors,4,D,36,367,3678
3679,"Electronic Components, Not Elsewhere Classified",4,D,36,367,3679
369,"Miscellaneous Electrical Machinery, Equipment, and Supplies",3,D,36,369,3690
3691,Storage Batteries,4,D,36,369,3691
3692,"Primary Batteries, Dry and Wet",4,D,36,369,3692
3694,Electrical Equipment For Internal Combustion Engines,4,D,36,369,3694
3695,Magnetic and Optical Recording Media,4,D,36,369,3695
3699,"Electrical Machinery, Equipment, and Supplies, Not Elsewhere Classified",4,D,36,369,3699
37,Transportation Equipment,2,D,37,370,3700
371,Motor Vehicles and Motor Vehicle Equipment,3,D,37,371,3710
3711,Motor Vehicles and Passenger Car Bodies,4,D,37,371,3711
3713,Truck and Bus Bodies,4,D,37,371,3713
3714,Motor Vehicle Parts and Accessories,4,D,37,371,3714
3715,Truck Trailers,4,D,37,371,3715
3716,Motor Homes,4,D,37,371,3716
372,Aircraft and Parts,3,D,37,372,3720
3721,Aircraft,4,D,37,372,3721
3724,Aircraft Engines and Engine Parts,4,D,37,372,3724
3728,"Aircraft Parts and Auxiliary Equipment, Not Elsewhere Classified",4,D,37,372,3728
373,Ship and Boat Building and Repairing,3,D,37,373,3730
3731,Ship Building and Repairing,4,D,37,373,3731
3732,Boat Building and Repairing,4,D,37,373,3732
374,Railroad Equipment,3,D,37,374,3740
3743,Railroad Equipment,4,D,37,374,3743
375,"Motorcycles, Bicycles, and Parts",3,D,37,375,3750
3751,"Motorcycles, Bicycles, and Parts",4,D,37,375,3751
376,Guided Missiles and Space Vehicles and Parts,3,D,37,376,3760
3761,Guided Missiles and Space Vehicles,4,D,37,376,3761
3764,Guided Missile and Space Vehicle Propulsion Units and Propulsion,4,D,37,376,3764
3769,"Guided Missile and Space Vehicle Parts and Auxiliary Equipment, Not Elsewhere Classified",4,D,37,376,3769
379,Miscellaneous Transportation Equipment,3,D,37,379,3790
3792,Travel Trailers and Campers,4,D,37,379,3792
3795,Tanks and Tank Components,4,D,37,379,3795
3799,"Transportation Equipment, Not Elsewhere Classified",4,D,37,379,3799
38,"Measuring, Analyzing, and Controlling Instruments; Photographic, Medical and Optical Goods; Watches and Clocks",2,D,38,380,3800
381,"Search, Detection, Navigation, Guidance, Aeronautical, and Nautical Systems, Instruments, and Equipment",3,D,38,381,3810
3812,"Search, Detection, Navigation, Guidance, Aeronautical, and Nautical Systems, Instruments",4,D,38,381,3812
382,"Laboratory Apparatus and Analytical, Optical, Measuring, and Controlling Instruments",3,D,38,382,3820
3821,Laboratory Apparatus and Furniture,4,D,38,382,3821
3822,Automatic Controls For Regulating Residential and Commercial Environments and Appliances,4,D,38,382,3822
3823,"Industrial Instruments For Measurement, Display, and Control Of Process Variables; and Related Products",4,D,38,382,3823
3824,Totalizing Fluid Meters and Counting Devices,4,D,38,382,3824
3825,Instruments For Measuring and Testing Of Electricity and Electrical Signals,4,D,38,382,3825
3826,Laboratory Analytical Instruments,4,D,38,382,3826
3827,Optical Instruments and Lenses,4,D,38,382,3827
3829,"Measuring and Controlling Devices, Not Elsewhere Classified",4,D,38,382,3829
384,"Surgical, Medical, and Dental Instruments and Supplies",3,D,38,384,3840
3841,Surgical and Medical Instruments and Apparatus,4,D,38,384,3841
3842,"Orthopedic, Prosthetic, and Surgical Appliances and Supplies",4,D,38,384,3842
3843,Dental Equipment and Supplies,4,D,38,384,3843
3844,X-ray Apparatus and Tubes and Related Irradiation Apparatus,4,D,38,384,3844
3845,Electromedical and Electrotherapeutic Apparatus,4,D,38,384,3845
385,Ophthalmic Goods,3,D,38,385,3850
3851,Ophthalmic Goods,4,D,38,385,3851
386,Photographic Equipment and Supplies,3,D,38,386,3860
3861,Photographic Equipment and Supplies,4,D,38,386,3861
387,"Watches, Clocks, Clockwork Operated Devices, and Parts",3,D,38,387,3870
3873,"Watches, Clocks, Clockwork Operated Devices, and Parts",4,D,38,387,3873
39,Miscellaneous Manufacturing Industries,2,D,39,390,3900
391,"Jewelry, Silverware, and Plated Ware",3,D,39,391,3910
3911,"Jewelry, Precious Metal",4,D,39,391,3911
3914,"Silverware, Plated Ware, and Stainless Steel Ware",4,D,39,391,3914
3915,"Jewelers' Findings and Materials, and Lapidary Work",4,D,39,391,3915
393,Musical Instruments,3,D,39,393,3930
3931,Musical Instruments,4,D,39,393,3931
394,"Dolls, Toys, Games and Sporting and Athletic",3,D,39,394,3940
3942,Dolls and Stuffed Toys,4,D,39,394,3942
3944,"Games, Toys, and Children's Vehicles, Except Dolls and Bicycles",4,D,39,394,3944
3949,"Sporting and Athletic Goods, Not Elsewhere Classified",4,D,39,394,3949
395,"Pens, Pencils, and Other Artists' Materials",3,D,39,395,3950
3951,"Pens, Mechanical Pencils, and Parts",4,D,39,395,3951
3952,"Lead Pencils, Crayons, and Artists' Materials",4,D,39,395,3952
3953,Marking Devices,4,D,39,395,3953
3955,Carbon Paper and Inked Ribbons,4,D,39,395,3955
396,"Costume Jewelry, Costume Novelties, Buttons, and Miscellaneous Notions, Ecept Precious Metal",3,D,39,396,3960
3961,"Costume Jewelry and Costume Novelties, Except Precious Metal",4,D,39,396,3961
3965,"Fasteners, Buttons, Needles, and Pins",4,D,39,396,3965
399,Miscellaneous Manufacturing Industries,3,D,39,399,3990
3991,Brooms and Brushes,4,D,39,399,3991
3993,Signs and Advertising Specialties,4,D,39,399,3993
3995,Burial Caskets,4,D,39,399,3995
3996,"Linoleum, Asphalted-Felt-Base, and Other Hard Surface Floor Coverings, Not Elsewhere Classified",4,D,39,399,3996
3999,"Manufacturing Industries, Not Elsewhere Classified",4,D,39,399,3999
E,"Division E Transportation, Communications, Electric, Gas, and Sanitary Services",1,E,NA,NA,NA
40,Railroad Transportation,2,E,40,400,4000
401,Railroads,3,E,40,401,4010
4011,"Railroads, Line-haul Operating",4,E,40,401,4011
4013,Railroad Switching and Terminal Establishments,4,E,40,401,4013
41,Local and Suburban Transit and Interurban Highway Passenger Transportation,2,E,41,410,4100
411,Local and Suburban Passenger Transportation,3,E,41,411,4110
4111,Local and Suburban Transit,4,E,41,411,4111
4119,"Local Passenger Transportation, Not Elsewhere Classified",4,E,41,411,4119
412,Taxicabs,3,E,41,412,4120
4121,Taxicabs,4,E,41,412,4121
413,Intercity and Rural Bus Transportation,3,E,41,413,4130
4131,Intercity and Rural Bus Transportation,4,E,41,413,4131
414,Bus Charter Service,3,E,41,414,4140
4141,Local Bus Charter Service,4,E,41,414,4141
4142,"Bus Charter Service, Except Local",4,E,41,414,4142
415,School Buses,3,E,41,415,4150
4151,School Buses,4,E,41,415,4151
417,Terminal and Service Facilities For Motor Vehicle Passenger Transportation,3,E,41,417,4170
4173,Terminal and Service Facilities For Motor Vehicle Passenger Transportation,4,E,41,417,4173
42,Motor Freight Transportation and Warehousing,2,E,42,420,4200
421,"Trucking and Courier Services, Except Air",3,E,42,421,4210
4212,Local Trucking Without Storage,4,E,42,421,4212
4213,"Trucking, Except Local",4,E,42,421,4213
4214,Local Trucking With Storage,4,E,42,421,4214
4215,"Courier Services, Except By Air",4,E,42,421,4215
422,Public Warehousing and Storage,3,E,42,422,4220
4221,Farm Product Warehousing and Storage,4,E,42,422,4221
4222,Refrigerated Warehousing and Storage,4,E,42,422,4222
4225,General Warehousing and Storage,4,E,42,422,4225
4226,"Special Warehousing and Storage, Not Elsewhere Classified",4,E,42,422,4226
423,Terminal and Joint Terminal Maintenance,3,E,42,423,4230
4231,Terminal and Joint Terminal Maintenance Facilities For Motor Freight,4,E,42,423,4231
43,United States Postal Service,2,E,43,430,4300
431,United States Postal Service,3,E,43,431,4310
4311,United States Postal Service,4,E,43,431,4311
44,Water Transportation,2,E,44,440,4400
441,Deep Sea Foreign Transportation Of Freight,3,E,44,441,4410
4412,Deep Sea Foreign Transportation Of Freight,4,E,44,441,4412
442,Deep Sea Domestic Transportation Of Freight,3,E,44,442,4420
4424,Deep Sea Domestic Transportation Of Freight,4,E,44,442,4424
443,Freight Transportation On The Great Lakes-St. Lawrence Seaway,3,E,44,443,4430
4432,Freight Transportation On The Great Lakes-St. Lawrence Seaway,4,E,44,443,4432
444,"Water Transportation Of Freight, Not Elsewhere Classified",3,E,44,444,4440
4449,"Water Transportation Of Freight, Not Elsewhere Classified",4,E,44,444,4449
448,Water Transportation Of Passengers,3,E,44,448,4480
4481,"Deep Sea Transportation Of Passengers, Except By Ferry",4,E,44,448,4481
4482,Ferries,4,E,44,448,4482
4489,"Water Transportation Of Passengers, Not Elsewhere Classified",4,E,44,448,4489
449,Services Incidental To Water Transportation,3,E,44,449,4490
4491,Marine Cargo Handling,4,E,44,449,4491
4492,Towing and Tugboat Services,4,E,44,449,4492
4493,Marinas,4,E,44,449,4493
4499,"Water Transportation Services, Not Elsewhere Classified",4,E,44,449,4499
45,Transportation By Air,2,E,45,450,4500
451,"Air Transportation, Scheduled, and Air Courier",3,E,45,451,4510
4512,"Air Transportation, Scheduled",4,E,45,451,4512
4513,Air Courier Services,4,E,45,451,4513
452,"Air Transportation, Nonscheduled",3,E,45,452,4520
4522,"Air Transportation, Nonscheduled",4,E,45,452,4522
458,"Airports, Flying Fields, and Airport Terminal Services",3,E,45,458,4580
4581,"Airports, Flying Fields, and Airport Terminal Services",4,E,45,458,4581
46,"Pipelines, Except Natural Gas",2,E,46,460,4600
461,"Pipelines, Except Natural Gas",3,E,46,461,4610
4612,Crude Petroleum Pipelines,4,E,46,461,4612
4613,Refined Petroleum Pipelines,4,E,46,461,4613
4619,"Pipelines, Not Elsewhere Classified",4,E,46,461,4619
47,Transportation Services,2,E,47,470,4700
472,Arrangement Of Passenger Transportation,3,E,47,472,4720
4724,Travel Agencies,4,E,47,472,4724
4725,Tour Operators,4,E,47,472,4725
4729,"Arrangement Of Passenger Transportation, Not Elsewhere Classified",4,E,47,472,4729
473,Arrangement Of Transportation Of Freight and Cargo,3,E,47,473,4730
4731,Arrangement Of Transportation Of Freight and Cargo,4,E,47,473,4731
474,Rental Of Railroad Cars,3,E,47,474,4740
4741,Rental Of Railroad Cars,4,E,47,474,4741
478,Miscellaneous Services Incidental To Transportation,3,E,47,478,4780
4783,Packing and Crating,4,E,47,478,4783
4785,Fixed Facilities and Inspection and Weighing Services For Motor Vehicle Transportation,4,E,47,478,4785
4789,"Transportation Services, Not Elsewhere Classified",4,E,47,478,4789
48,Communications,2,E,48,480,4800
481,Telephone Communications,3,E,48,481,4810
4812,Radiotelephone Communications,4,E,48,481,4812
4813,"Telephone Communications, Except Radiotelephone",4,E,48,481,4813
482,Telegraph and Other Message Communications,3,E,48,482,4820
4822,Telegraph and Other Message Communications,4,E,48,482,4822
483,Radio and Television Broadcasting Stations,3,E,48,483,4830
4832,Radio Broadcasting Stations,4,E,48,483,4832
4833,Television Broadcasting Stations,4,E,48,483,4833
484,Cable and Other Pay Television Services,3,E,48,484,4840
4841,Cable and Other Pay Television Services,4,E,48,484,4841
489,"Communications Services, Not Elsewhere Classified",3,E,48,489,4890
4899,"Communications Services, Not Elsewhere Classified",4,E,48,489,4899
49,"Electric, Gas, and Sanitary Services",2,E,49,490,4900
491,Electric Services,3,E,49,491,4910
4911,Electric Services,4,E,49,491,4911
492,Gas Production and Distribution,3,E,49,492,4920
4922,Natural Gas Transmission,4,E,49,492,4922
4923,Natural Gas Transmission and Distribution,4,E,49,492,4923
4924,Natural Gas Distribution,4,E,49,492,4924
4925,"Mixed, Manufactured, Or Liquefied Petroleum Gas Production and/or Distribution",4,E,49,492,4925
493,"Combination Electric and Gas, and Other Utility Services",3,E,49,493,4930
4931,Electric and Other Services Combined,4,E,49,493,4931
4932,Gas and Other Services Combined,4,E,49,493,4932
4939,"Combination Utilities, Not Elsewhere Classified",4,E,49,493,4939
494,Water Supply,3,E,49,494,4940
4941,Water Supply,4,E,49,494,4941
495,Sanitary Services,3,E,49,495,4950
4952,Sewerage Systems,4,E,49,495,4952
4953,Refuse Systems,4,E,49,495,4953
4959,"Sanitary Services, Not Elsewhere Classified",4,E,49,495,4959
496,Steam and Air-Conditioning Supply,3,E,49,496,4960
4961,Steam and Air-Conditioning Supply,4,E,49,496,4961
497,Irrigation Systems,3,E,49,497,4970
4971,Irrigation Systems,4,E,49,497,4971
F,Division F Wholesale Trade,1,F,NA,NA,NA
50,Wholesale Trade-durable Goods,2,F,50,500,5000
501,Motor Vehicles and Motor Vehicle Parts and Supplies,3,F,50,501,5010
5012,Automobiles and Other Motor Vehicles,4,F,50,501,5012
5013,Motor Vehicle Supplies and New Parts,4,F,50,501,5013
5014,Tires and Tubes,4,F,50,501,5014
5015,"Motor Vehicle Parts, Used",4,F,50,501,5015
502,Furniture and Home Furnishings,3,F,50,502,5020
5021,Furniture,4,F,50,502,5021
5023,Home Furnishings,4,F,50,502,5023
503,Lumber and Other Construction Materials,3,F,50,503,5030
5031,"Lumber, Plywood, Millwork, and Wood Panels",4,F,50,503,5031
5032,"Brick, Stone, and Related Construction Materials",4,F,50,503,5032
5033,"Roofing, Siding, and Insulation Materials",4,F,50,503,5033
5039,"Construction Materials, Not Elsewhere Classified",4,F,50,503,5039
504,Professional and Commercial Equipment and Supplies,3,F,50,504,5040
5043,Photographic Equipment and Supplies,4,F,50,504,5043
5044,Office Equipment,4,F,50,504,5044
5045,Computers and Computer Peripheral Equipment and Software,4,F,50,504,5045
5046,"Commercial Equipment, Not Elsewhere Classified",4,F,50,504,5046
5047,"Medical, Dental, and Hospital Equipment and Supplies",4,F,50,504,5047
5048,Ophthalmic Goods,4,F,50,504,5048
5049,"Professional Equipment and Supplies, Not Elsewhere Classified",4,F,50,504,5049
505,"Metals and Minerals, Except Petroleum",3,F,50,505,5050
5051,Metals Service Centers and Offices,4,F,50,505,5051
5052,Coal and Other Minerals and Ores,4,F,50,505,5052
506,Electrical Goods,3,F,50,506,5060
5063,"Electrical Apparatus and Equipment, Wiring Supplies, and Construction Materials",4,F,50,506,5063
5064,"Electrical Appliances, Television and Radio Sets",4,F,50,506,5064
5065,"Electronic Parts and Equipment, Not Elsewhere Classified",4,F,50,506,5065
507,"Hardware, and Plumbing and Heating Equipment",3,F,50,507,5070
5072,Hardware,4,F,50,507,5072
5074,Plumbing and Heating Equipment and Supplies (Hydronics),4,F,50,507,5074
5075,Warm Air Heating and Air-conditioning Equipment and Supplies,4,F,50,507,5075
5078,Refrigeration Equipment and Supplies,4,F,50,507,5078
508,"Machinery, Equipment, and Supplies",3,F,50,508,5080
5082,Construction and Mining (except Petroleum) Machinery and Equipment,4,F,50,508,5082
5083,Farm and Garden Machinery and Equipment,4,F,50,508,5083
5084,Industrial Machinery and Equipment,4,F,50,508,5084
5085,Industrial Supplies,4,F,50,508,5085
5087,Service Establishment Equipment and Supplies,4,F,50,508,5087
5088,"Transportation Equipment and Supplies, Except Motor Vehicles",4,F,50,508,5088
509,Miscellaneous Durable Goods,3,F,50,509,5090
5091,Sporting and Recreational Goods and Supplies,4,F,50,509,5091
5092,Toys and Hobby Goods and Supplies,4,F,50,509,5092
5093,Scrap and Waste Materials,4,F,50,509,5093
5094,"Jewelry, Watches, Precious Stones, and Precious Metals",4,F,50,509,5094
5099,"Durable Goods, Not Elsewhere Classified",4,F,50,509,5099
51,Wholesale Trade-non-durable Goods,2,F,51,510,5100
511,Paper and Paper Products,3,F,51,511,5110
5111,Printing and Writing Paper,4,F,51,511,5111
5112,Stationery and Office Supplies,4,F,51,511,5112
5113,Industrial and Personal Service Paper,4,F,51,511,5113
512,"Drugs, Drug Proprietaries, and Druggists' Sundries",3,F,51,512,5120
5122,"Drugs, Drug Proprietaries, and Druggists' Sundries",4,F,51,512,5122
513,"Apparel, Piece Goods, and Notions",3,F,51,513,5130
5131,"Piece Goods, Notions, and Other Dry Good",4,F,51,513,5131
5136,Men's and Boy's Clothing and Furnishings,4,F,51,513,5136
5137,"Women's, Children's, and Infants' Clothing and Accessories",4,F,51,513,5137
5139,Footwear,4,F,51,513,5139
514,Groceries and Related Products,3,F,51,514,5140
5141,"Groceries, General Line",4,F,51,514,5141
5142,Packaged Frozen Foods,4,F,51,514,5142
5143,"Dairy Products, Except Dried Or Canned",4,F,51,514,5143
5144,Poultry and Poultry Products,4,F,51,514,5144
5145,Confectionery,4,F,51,514,5145
5146,Fish and Seafoods,4,F,51,514,5146
5147,Meats and Meat Products,4,F,51,514,5147
5148,Fresh Fruits and Vegetables,4,F,51,514,5148
5149,"Groceries and Related Products, Not Elsewhere Classified",4,F,51,514,5149
515,Farm-product Raw Materials,3,F,51,515,5150
5153,Grain and Field Beans,4,F,51,515,5153
5154,Livestock,4,F,51,515,5154
5159,"Farm-Product Raw Materials, Not Elsewhere Classified",4,F,51,515,5159
516,Chemicals and Allied Products,3,F,51,516,5160
5162,Plastics Materials and Basic Forms and Shapes,4,F,51,516,5162
5169,"Chemicals and Allied Products, Not Elsewhere Classified",4,F,51,516,5169
517,Petroleum and Petroleum Products,3,F,51,517,5170
5171,Petroleum Bulk Stations and Terminals,4,F,51,517,5171
5172,"Petroleum and Petroleum Products Wholesalers, Except Bulk Stations",4,F,51,517,5172
518,"Beer, Wine, and Distilled Alcoholic Beverages",3,F,51,518,5180
5181,Beer and Ale,4,F,51,518,5181
5182,Wine and Distilled Alcoholic Beverages,4,F,51,518,5182
519,Miscellaneous Non-Durable Goods,3,F,51,519,5190
5191,Farm Supplies,4,F,51,519,5191
5192,"Books, Periodicals, and Newspapers",4,F,51,519,5192
5193,"Flowers, Nursery Stock, and Florists' Supplies",4,F,51,519,5193
5194,Tobacco and Tobacco Products,4,F,51,519,5194
5198,"Paints, Varnishes, and Supplies",4,F,51,519,5198
5199,"Nondurable Goods, Not Elsewhere Classified",4,F,51,519,5199
G,Division G Retail Trade,1,G,NA,NA,NA
52,"Building Materials, Hardware, Garden Supply, and Mobile Home Dealers",2,G,52,520,5200
521,Lumber and Other Building Materials Dealers,3,G,52,521,5210
5211,Lumber and Other Building Materials Dealers,4,G,52,521,5211
523,"Paint, Glass and Wallpaper Stores",3,G,52,523,5230
5231,"Paint, Glass, and Wallpaper Stores",4,G,52,523,5231
525,Hardware Stores,3,G,52,525,5250
5251,Hardware Stores,4,G,52,525,5251
526,"Retail Nurseries, Lawn and Garden Supply Stores",3,G,52,526,5260
5261,"Retail Nurseries, Lawn and Garden Supply Stores",4,G,52,526,5261
527,Mobile Home Dealers,3,G,52,527,5270
5271,Mobile Home Dealers,4,G,52,527,5271
53,General Merchandise Stores,2,G,53,530,5300
531,Department Stores,3,G,53,531,5310
5311,Department Stores,4,G,53,531,5311
533,Variety Stores,3,G,53,533,5330
5331,Variety Stores,4,G,53,533,5331
539,Miscellaneous General Merchandise Stores,3,G,53,539,5390
5399,Miscellaneous General Merchandise Stores,4,G,53,539,5399
54,Food Stores,2,G,54,540,5400
541,Grocery Stores,3,G,54,541,5410
5411,Grocery Stores,4,G,54,541,5411
542,"Meat and Fish (Seafood) Markets, Including Freezer Provisioners",3,G,54,542,5420
5421,"Meat and Fish (Seafood) Markets, Including Freezer Provisioners",4,G,54,542,5421
543,Fruit and Vegetable Markets,3,G,54,543,5430
5431,Fruit and Vegetable Markets,4,G,54,543,5431
544,"Candy, Nut, and Confectionery Stores",3,G,54,544,5440
5441,"Candy, Nut, and Confectionery Stores",4,G,54,544,5441
545,Dairy Products Stores,3,G,54,545,5450
5451,Dairy Products Stores,4,G,54,545,5451
546,Retail Bakeries,3,G,54,546,5460
5461,Retail Bakeries,4,G,54,546,5461
549,Miscellaneous Food Stores,3,G,54,549,5490
5499,Miscellaneous Food Stores,4,G,54,549,5499
55,Automotive Dealers and Gasoline Service Stations,2,G,55,550,5500
551,Motor Vehicle Dealers (New and Used),3,G,55,551,5510
5511,Motor Vehicle Dealers (New and Used),4,G,55,551,5511
552,Motor Vehicle Dealers (Used Only),3,G,55,552,5520
5521,Motor Vehicle Dealers (Used Only),4,G,55,552,5521
553,Auto and Home Supply Stores,3,G,55,553,5530
5531,Auto and Home Supply Stores,4,G,55,553,5531
554,Gasoline Service Stations,3,G,55,554,5540
5541,Gasoline Service Stations,4,G,55,554,5541
555,Boat Dealers,3,G,55,555,5550
5551,Boat Dealers,4,G,55,555,5551
556,Recreational Vehicle Dealers,3,G,55,556,5560
5561,Recreational Vehicle Dealers,4,G,55,556,5561
557,Motorcycle Dealers,3,G,55,557,5570
5571,Motorcycle Dealers,4,G,55,557,5571
559,"Automotive Dealers, Not Elsewhere Classified",3,G,55,559,5590
5599,"Automotive Dealers, Not Elsewhere Classified",4,G,55,559,5599
56,Apparel and Accessory Stores,2,G,56,560,5600
561,Men's and Boys' Clothing and Accessory Stores,3,G,56,561,5610
5611,Men's and Boys' Clothing and Accessory Stores,4,G,56,561,5611
562,Women's Clothing Stores,3,G,56,562,5620
5621,Women's Clothing Stores,4,G,56,562,5621
563,Women's Accessory and Specialty Stores,3,G,56,563,5630
5632,Women's Accessory and Specialty Stores,4,G,56,563,5632
564,Children's and Infants' Wear Stores,3,G,56,564,5640
5641,Children's and Infants' Wear Stores,4,G,56,564,5641
565,Family Clothing Stores,3,G,56,565,5650
5651,Family Clothing Stores,4,G,56,565,5651
566,Shoe Stores,3,G,56,566,5660
5661,Shoe Stores,4,G,56,566,5661
569,Miscellaneous Apparel and Accessory Stores,3,G,56,569,5690
5699,Miscellaneous Apparel and Accessory Stores,4,G,56,569,5699
57,"Home Furniture, Furnishings, and Equipment Stores",2,G,57,570,5700
571,Home Furniture and Furnishings Stores,3,G,57,571,5710
5712,Furniture Stores,4,G,57,571,5712
5713,Floor Covering Stores,4,G,57,571,5713
5714,"Drapery, Curtain, and Upholstery Stores",4,G,57,571,5714
5719,Miscellaneous Home Furnishings Stores,4,G,57,571,5719
572,Household Appliance Stores,3,G,57,572,5720
5722,Household Appliance Stores,4,G,57,572,5722
573,"Radio, Television, Consumer Electronics, and Music Stores",3,G,57,573,5730
5731,"Radio, Television, and Consumer Electronics Stores",4,G,57,573,5731
5734,Computer and Computer Software Stores,4,G,57,573,5734
5735,Record and Prerecorded Tape Stores,4,G,57,573,5735
5736,Musical Instrument Stores,4,G,57,573,5736
58,Eating and Drinking Places,2,G,58,580,5800
581,Eating and Drinking Places,3,G,58,581,5810
5812,Eating Places,4,G,58,581,5812
5813,Drinking Places (Alcoholic Beverages),4,G,58,581,5813
59,Miscellaneous Retail,2,G,59,590,5900
591,Drug Stores and Proprietary Stores,3,G,59,591,5910
5912,Drug Stores and Proprietary Stores,4,G,59,591,5912
592,Liquor Stores,3,G,59,592,5920
5921,Liquor Stores,4,G,59,592,5921
593,Used Merchandise Stores,3,G,59,593,5930
5932,Used Merchandise Stores,4,G,59,593,5932
594,Miscellaneous Shopping Goods Stores,3,G,59,594,5940
5941,Sporting Goods Stores and Bicycle Shops,4,G,59,594,5941
5942,Book Stores,4,G,59,594,5942
5943,Stationery Stores,4,G,59,594,5943
5944,Jewelry Stores,4,G,59,594,5944
5945,"Hobby, Toy, and Game Shops",4,G,59,594,5945
5946,Camera and Photographic Supply Stores,4,G,59,594,5946
5947,"Gift, Novelty, and Souvenir Shops",4,G,59,594,5947
5948,Luggage and Leather Goods Stores,4,G,59,594,5948
5949,"Sewing, Needlework, and Piece Goods Stores",4,G,59,594,5949
596,Nonstore Retailers,3,G,59,596,5960
5961,Catalog and Mail-Order Houses,4,G,59,596,5961
5962,Automatic Merchandising Machine Operators,4,G,59,596,5962
5963,Direct Selling Establishments,4,G,59,596,5963
598,Fuel Dealers,3,G,59,598,5980
5983,Fuel Oil Dealers,4,G,59,598,5983
5984,Liquefied Petroleum Gas (Bottled Gas) Dealers,4,G,59,598,5984
5989,"Fuel Dealers, Not Elsewhere Classified",4,G,59,598,5989
599,"Retail Stores, Not Elsewhere Classified",3,G,59,599,5990
5992,Florists,4,G,59,599,5992
5993,Tobacco Stores and Stands,4,G,59,599,5993
5994,News Dealers and Newsstands,4,G,59,599,5994
5995,Optical Goods Stores,4,G,59,599,5995
5999,"Miscellaneous Retail Stores, Not Elsewhere Classified",4,G,59,599,5999
H,"Division H Finance, Insurance, and Real Estate",1,H,NA,NA,NA
60,Depository Institutions,2,H,60,600,6000
601,Central Reserve Depository Institutions,3,H,60,601,6010
6011,Federal Reserve Banks,4,H,60,601,6011
6019,"Central Reserve Depository Institutions, Not Elsewhere Classified",4,H,60,601,6019
602,Commercial Banks,3,H,60,602,6020
6021,National Commercial Banks,4,H,60,602,6021
6022,State Commercial Banks,4,H,60,602,6022
6029,"Commercial Banks, Not Elsewhere Classified",4,H,60,602,6029
603,Savings Institutions,3,H,60,603,6030
6035,"Savings Institutions, Federally Chartered",4,H,60,603,6035
6036,"Savings Institutions, Not Federally Chartered",4,H,60,603,6036
606,Credit Unions,3,H,60,606,6060
6061,"Credit Unions, Federally Chartered",4,H,60,606,6061
6062,"Credit Unions, Not Federally Chartered",4,H,60,606,6062
608,Foreign Banking and Branches and Agencies Of Foreign Banks,3,H,60,608,6080
6081,Branches and Agencies Of Foreign Banks,4,H,60,608,6081
6082,Foreign Trade and International Banking Institutions,4,H,60,608,6082
609,Functions Related To Depository Banking,3,H,60,609,6090
6091,Non-Deposit Trust Facilities,4,H,60,609,6091
6099,"Functions Related To Depository Banking, Not Elsewhere Classified",4,H,60,609,6099
61,Non-depository Credit Institutions,2,H,61,610,6100
611,Federal and Federally-sponsored Credit Agencies,3,H,61,611,6110
6111,Federal and Federally-sponsored Credit Agencies,4,H,61,611,6111
614,Personal Credit Institutions,3,H,61,614,6140
6141,Personal Credit Institutions,4,H,61,614,6141
615,Business Credit Institutions,3,H,61,615,6150
6153,"Short-Term Business Credit Institutions, Except Agricultural",4,H,61,615,6153
6159,Miscellaneous Business Credit Institutions,4,H,61,615,6159
616,Mortgage Bankers and Brokers,3,H,61,616,6160
6162,Mortgage Bankers and Loan Correspondents,4,H,61,616,6162
6163,Loan Brokers,4,H,61,616,6163
62,"Security and Commodity Brokers, Dealers, Exchanges, and Services",2,H,62,620,6200
621,"Security Brokers, Dealers, and Flotation Companies",3,H,62,621,6210
6211,"Security Brokers, Dealers, and Flotation Companies",4,H,62,621,6211
622,Commodity Contracts Brokers and Dealers,3,H,62,622,6220
6221,Commodity Contracts Brokers and Dealers,4,H,62,622,6221
623,Security and Commodity Exchanges,3,H,62,623,6230
6231,Security and Commodity Exchanges,4,H,62,623,6231
628,Services Allied With The Exchange Of Securities,3,H,62,628,6280
6282,Investment Advice,4,H,62,628,6282
6289,"Services Allied With The Exchange Of Securities Or Commodities, Not Elsewhere Classified",4,H,62,628,6289
63,Insurance Carriers,2,H,63,630,6300
631,Life Insurance,3,H,63,631,6310
6311,Life Insurance,4,H,63,631,6311
632,Accident and Health Insurance and Medical,3,H,63,632,6320
6321,Accident and Health Insurance,4,H,63,632,6321
6324,Hospital and Medical Service Plans,4,H,63,632,6324
633,"Fire, Marine, and Casualty Insurance",3,H,63,633,6330
6331,"Fire, Marine, and Casualty Insurance",4,H,63,633,6331
635,Surety Insurance,3,H,63,635,6350
6351,Surety Insurance,4,H,63,635,6351
636,Title Insurance,3,H,63,636,6360
6361,Title Insurance,4,H,63,636,6361
637,"Pension, Health, and Welfare Funds",3,H,63,637,6370
6371,"Pension, Health, and Welfare Funds",4,H,63,637,6371
639,"Insurance Carriers, Not Elsewhere Classified",3,H,63,639,6390
6399,"Insurance Carriers, Not Elsewhere Classified",4,H,63,639,6399
64,"Insurance Agents, Brokers, and Service",2,H,64,640,6400
641,"Insurance Agents, Brokers, and Service",3,H,64,641,6410
6411,"Insurance Agents, Brokers, and Service",4,H,64,641,6411
65,Real Estate,2,H,65,650,6500
651,Real Estate Operators (Except Developers) and Lessors,3,H,65,651,6510
6512,Operators Of Nonresidential Buildings,4,H,65,651,6512
6513,Operators Or Apartment Buildings,4,H,65,651,6513
6514,Operators Of Dwellings Other Than Apartment Buildings,4,H,65,651,6514
6515,Operators Of Residential Mobile Home Sites,4,H,65,651,6515
6517,Lessors Of Railroad Property,4,H,65,651,6517
6519,"Lessors Of Real Property, Not Elsewhere Classified",4,H,65,651,6519
653,Real Estate Agents and Managers,3,H,65,653,6530
6531,Real Estate Agents and Managers,4,H,65,653,6531
654,Title Abstract Offices,3,H,65,654,6540
6541,Title Abstract Offices,4,H,65,654,6541
655,Land Subdividers and Developers,3,H,65,655,6550
6552,"Land Subdividers and Developers, Except Cemeteries",4,H,65,655,6552
6553,Cemetery Subdividers and Developers,4,H,65,655,6553
67,Holding and Other Investment Offices,2,H,67,670,6700
671,Holding Offices,3,H,67,671,6710
6712,Offices Of Bank Holding Companies,4,H,67,671,6712
6719,"Offices Of Holding Companies, Not Elsewhere Classified",4,H,67,671,6719
672,Investment Offices,3,H,67,672,6720
6722,"Management Investment Offices, Open-End",4,H,67,672,6722
6726,"Unit Investment Trusts, Face-Amount Certificate Offices, and Closed-End Management Investment Trusts",4,H,67,672,6726
673,Trusts,3,H,67,673,6730
6732,"Educational, Religious, and Charitable Trusts",4,H,67,673,6732
6733,"Trusts, Except Educational, Religious, and Charitable",4,H,67,673,6733
679,Miscellaneous Investing,3,H,67,679,6790
6792,Oil Royalty Traders,4,H,67,679,6792
6794,Patent Owners and Lessors,4,H,67,679,6794
6798,Real Estate Investment Trusts,4,H,67,679,6798
6799,"Investors, Not Elsewhere Classified",4,H,67,679,6799
I,Division I Services,1,I,NA,NA,NA
70,"Hotels, Rooming Houses, Camps, and Other Lodging Places",2,I,70,700,7000
701,Hotels and Motels,3,I,70,701,7010
7011,Hotels and Motels,4,I,70,701,7011
702,Rooming and Boarding Houses,3,I,70,702,7020
7021,Rooming and Boarding Houses,4,I,70,702,7021
703,Camps and Recreational Vehicle Parks,3,I,70,703,7030
7032,Sporting and Recreational Camps,4,I,70,703,7032
7033,Recreational Vehicle Parks and Campsites,4,I,70,703,7033
704,"Organization Hotels and Lodging Houses, On Membership Basis",3,I,70,704,7040
7041,"Organization Hotels and Lodging Houses, On Membership Basis",4,I,70,704,7041
72,Personal Services,2,I,72,720,7200
721,"Laundry, Cleaning, and Garment Services",3,I,72,721,7210
7211,"Power Laundries, Family and Commercial",4,I,72,721,7211
7212,"Garment Pressing, and Agents For Laundries and Drycleaners",4,I,72,721,7212
7213,Linen Supply,4,I,72,721,7213
7215,Coin-operated Laundries and Drycleaning,4,I,72,721,7215
7216,"Drycleaning Plants, Except Rug Cleaning",4,I,72,721,7216
7217,Carpet and Upholstery Cleaning,4,I,72,721,7217
7218,Industrial Launderers,4,I,72,721,7218
7219,"Laundry and Garment Services, Not Elsewhere Classified",4,I,72,721,7219
722,"Photographic Studios, Portrait",3,I,72,722,7220
7221,"Photographic Studios, Portrait",4,I,72,722,7221
723,Beauty Shops,3,I,72,723,7230
7231,Beauty Shops,4,I,72,723,7231
724,Barber Shops,3,I,72,724,7240
7241,Barber Shops,4,I,72,724,7241
725,Shoe Repair Shops and Shoeshine Parlors,3,I,72,725,7250
7251,Shoe Repair Shops and Shoeshine Parlors,4,I,72,725,7251
726,Funeral Service and Crematories,3,I,72,726,7260
7261,Funeral Service and Crematories,4,I,72,726,7261
729,Miscellaneous Personal Services,3,I,72,729,7290
7291,Tax Return Preparation Services,4,I,72,729,7291
7299,"Miscellaneous Personal Services, Not Elsewhere Classified",4,I,72,729,7299
73,Business Services,2,I,73,730,7300
731,Advertising,3,I,73,731,7310
7311,Advertising Agencies,4,I,73,731,7311
7312,Outdoor Advertising Services,4,I,73,731,7312
7313,"Radio, Television, and Publishers' Advertising Representatives",4,I,73,731,7313
7319,"Advertising, Not Elsewhere Classified",4,I,73,731,7319
732,"Consumer Credit Reporting Agencies, Mercantile",3,I,73,732,7320
7322,Adjustment and Collection Services,4,I,73,732,7322
7323,Credit Reporting Services,4,I,73,732,7323
733,"Mailing, Reproduction, Commercial Art and Photography, and Stenographic Services",3,I,73,733,7330
7331,Direct Mail Advertising Services,4,I,73,733,7331
7334,Photocopying and Duplicating Services,4,I,73,733,7334
7335,Commercial Photography,4,I,73,733,7335
7336,Commercial Art and Graphic Design,4,I,73,733,7336
7338,Secretarial and Court Reporting Services,4,I,73,733,7338
734,Services To Dwellings and Other Buildings,3,I,73,734,7340
7342,Disinfecting and Pest Control Services,4,I,73,734,7342
7349,"Building Cleaning and Maintenance Services, Not Elsewhere Classified",4,I,73,734,7349
735,Miscellaneous Equipment Rental and Leasing,3,I,73,735,7350
7352,Medical Equipment Rental and Leasing,4,I,73,735,7352
7353,Heavy Construction Equipment Rental and Leasing,4,I,73,735,7353
7359,"Equipment Rental and Leasing, Not Elsewhere Classified",4,I,73,735,7359
736,Personnel Supply Services,3,I,73,736,7360
7361,Employment Agencies,4,I,73,736,7361
7363,Help Supply Services,4,I,73,736,7363
737,"Computer Programming, Data Processing, and Other Computer Related Services",3,I,73,737,7370
7371,Computer Programming Services,4,I,73,737,7371
7372,Prepackaged Software,4,I,73,737,7372
7373,Computer Integrated Systems Design,4,I,73,737,7373
7374,Computer Processing and Data Preparation and Processing Services,4,I,73,737,7374
7375,Information Retrieval Services,4,I,73,737,7375
7376,Computer Facilities Management Services,4,I,73,737,7376
7377,Computer Rental and Leasing,4,I,73,737,7377
7378,Computer Maintenance and Repair,4,I,73,737,7378
7379,"Computer Related Services, Not Elsewhere Classified",4,I,73,737,7379
738,Miscellaneous Business Services,3,I,73,738,7380
7381,"Detective, Guard, and Armored Car Services",4,I,73,738,7381
7382,Security Systems Services,4,I,73,738,7382
7383,News Syndicates,4,I,73,738,7383
7384,Photofinishing Laboratories,4,I,73,738,7384
7389,"Business Services, Not Elsewhere Classified",4,I,73,738,7389
75,"Automotive Repair, Services, and Parking",2,I,75,750,7500
751,"Automotive Rental and Leasing, Without Drivers",3,I,75,751,7510
7513,"Truck Rental and Leasing, Without Drivers",4,I,75,751,7513
7514,Passenger Car Rental,4,I,75,751,7514
7515,Passenger Car Leasing,4,I,75,751,7515
7519,Utility Trailer and Recreational Vehicle Rental,4,I,75,751,7519
752,Automobile Parking,3,I,75,752,7520
7521,Automobile Parking,4,I,75,752,7521
753,Automotive Repair Shops,3,I,75,753,7530
7532,"Top, Body, and Upholstery Repair Shops and Paint Shops",4,I,75,753,7532
7533,Automotive Exhaust System Repair Shops,4,I,75,753,7533
7534,Tire Retreading and Repair Shops,4,I,75,753,7534
7536,Automotive Glass Replacement Shops,4,I,75,753,7536
7537,Automotive Transmission Repair Shops,4,I,75,753,7537
7538,General Automotive Repair Shops,4,I,75,753,7538
7539,"Automotive Repair Shops, Not Elsewhere Classified",4,I,75,753,7539
754,"Automotive Services, Except Repair",3,I,75,754,7540
7542,Carwashes,4,I,75,754,7542
7549,"Automotive Services, Except Repair and Carwashes",4,I,75,754,7549
76,Miscellaneous Repair Services,2,I,76,760,7600
762,Electrical Repair Shops,3,I,76,762,7620
7622,Radio and Television Repair Shops,4,I,76,762,7622
7623,Refrigeration and Air-conditioning Service and Repair Shops,4,I,76,762,7623
7629,"Electrical and Electronic Repair Shops, Not Elsewhere Classified",4,I,76,762,7629
763,"Watch, Clock, and Jewelry Repair",3,I,76,763,7630
7631,"Watch, Clock, and Jewelry Repair",4,I,76,763,7631
764,Reupholstery and Furniture Repair,3,I,76,764,7640
7641,Reupholstery and Furniture Repair,4,I,76,764,7641
769,Miscellaneous Repair Shops and Related Services,3,I,76,769,7690
7692,Welding Repair,4,I,76,769,7692
7694,Armature Rewinding Shops,4,I,76,769,7694
7699,"Repair Shops and Related Services, Not Elsewhere Classified",4,I,76,769,7699
78,Motion Pictures,2,I,78,780,7800
781,Motion Picture Production and Allied Services,3,I,78,781,7810
7812,Motion Picture and Video Tape Production,4,I,78,781,7812
7819,Services Allied To Motion Picture Production,4,I,78,781,7819
782,Motion Picture Distribution and Allied Services,3,I,78,782,7820
7822,Motion Picture and Video Tape Distribution,4,I,78,782,7822
7829,Services Allied To Motion Picture Distribution,4,I,78,782,7829
783,Motion Picture Theaters,3,I,78,783,7830
7832,"Motion Picture Theaters, Except Drive-in",4,I,78,783,7832
7833,Drive-in Motion Picture Theaters,4,I,78,783,7833
784,Video Tape Rental,3,I,78,784,7840
7841,Video Tape Rental,4,I,78,784,7841
79,Amusement and Recreation Services,2,I,79,790,7900
791,"Dance Studios, Schools, and Halls",3,I,79,791,7910
7911,"Dance Studios, Schools, and Halls",4,I,79,791,7911
792,"Theatrical Producers (except Motion Picture),",3,I,79,792,7920
7922,Theatrical Producers (except Motion Picture) and Miscellaneous,4,I,79,792,7922
7929,"Bands, Orchestras, Actors, and Other Entertainers and Entertainment",4,I,79,792,7929
793,Bowling Centers,3,I,79,793,7930
7933,Bowling Centers,4,I,79,793,7933
794,Commercial Sports,3,I,79,794,7940
7941,Professional Sports Clubs and Promoters,4,I,79,794,7941
7948,"Racing, Including Track Operation",4,I,79,794,7948
799,Miscellaneous Amusement and Recreation,3,I,79,799,7990
7991,Physical Fitness Facilities,4,I,79,799,7991
7992,Public Golf Courses,4,I,79,799,7992
7993,Coin-operated Amusement Devices,4,I,79,799,7993
7996,Amusement Parks,4,I,79,799,7996
7997,Membership Sports and Recreation Clubs,4,I,79,799,7997
7999,"Amusement and Recreation Services, Not Elsewhere Classified",4,I,79,799,7999
80,Health Services,2,I,80,800,8000
801,Offices and Clinics Of Doctors Of Medicine,3,I,80,801,8010
8011,Offices and Clinics Of Doctors Of Medicine,4,I,80,801,8011
802,Offices and Clinics Of Dentists,3,I,80,802,8020
8021,Offices and Clinics Of Dentists,4,I,80,802,8021
803,Offices and Clinics Of Doctors Of Osteopathy,3,I,80,803,8030
8031,Offices and Clinics Of Doctors Of Osteopathy,4,I,80,803,8031
804,Offices and Clinics Of Other Health Practitioners,3,I,80,804,8040
8041,Offices and Clinics Of Chiropractors,4,I,80,804,8041
8042,Offices and Clinics Of Optometrists,4,I,80,804,8042
8043,Offices and Clinics Of Podiatrists,4,I,80,804,8043
8049,"Offices and Clinics Of Health Practitioners, Not Elsewhere Classified",4,I,80,804,8049
805,Nursing and Personal Care Facilities,3,I,80,805,8050
8051,Skilled Nursing Care Facilities,4,I,80,805,8051
8052,Intermediate Care Facilities,4,I,80,805,8052
8059,"Nursing and Personal Care Facilities, Not Elsewhere Classified",4,I,80,805,8059
806,Hospitals,3,I,80,806,8060
8062,General Medical and Surgical Hospitals,4,I,80,806,8062
8063,Psychiatric Hospitals,4,I,80,806,8063
8069,"Specialty Hospitals, Except Psychiatric",4,I,80,806,8069
807,Medical and Dental Laboratories,3,I,80,807,8070
8071,Medical Laboratories,4,I,80,807,8071
8072,Dental Laboratories,4,I,80,807,8072
808,Home Health Care Services,3,I,80,808,8080
8082,Home Health Care Services,4,I,80,808,8082
809,"Miscellaneous Health and Allied Services, Not Elsewhere Classified",3,I,80,809,8090
8092,Kidney Dialysis Centers,4,I,80,809,8092
8093,"Specialty Outpatient Facilities, Not Elsewhere Classified",4,I,80,809,8093
8099,"Health and Allied Services, Not Elsewhere Classified",4,I,80,809,8099
81,Legal Services,2,I,81,810,8100
811,Legal Services,3,I,81,811,8110
8111,Legal Services,4,I,81,811,8111
82,Educational Services,2,I,82,820,8200
821,Elementary and Secondary Schools,3,I,82,821,8210
8211,Elementary and Secondary Schools,4,I,82,821,8211
822,"Colleges, Universities, Professional Schools, and Junior Colleges",3,I,82,822,8220
8221,"Colleges, Universities, and Professional Schools",4,I,82,822,8221
8222,Junior Colleges and Technical Institutes,4,I,82,822,8222
823,Libraries,3,I,82,823,8230
8231,Libraries,4,I,82,823,8231
824,Vocational Schools,3,I,82,824,8240
8243,Data Processing Schools,4,I,82,824,8243
8244,Business and Secretarial Schools,4,I,82,824,8244
8249,"Vocational Schools, Not Elsewhere Classified",4,I,82,824,8249
829,"Schools and Educational Services, Not Elsewhere",3,I,82,829,8290
8299,"Schools and Educational Services, Not Elsewhere Classified",4,I,82,829,8299
83,Social Services,2,I,83,830,8300
832,Individual and Family Social Services,3,I,83,832,8320
8322,Individual and Family Social Services,4,I,83,832,8322
833,Job Training and Vocational Rehabilitation,3,I,83,833,8330
8331,Job Training and Vocational Rehabilitation Services,4,I,83,833,8331
835,Child Day Care Services,3,I,83,835,8350
8351,Child Day Care Services,4,I,83,835,8351
836,Residential Care,3,I,83,836,8360
8361,Residential Care,4,I,83,836,8361
839,"Social Services, Not Elsewhere Classified",3,I,83,839,8390
8399,"Social Services, Not Elsewhere Classified",4,I,83,839,8399
84,"Museums, Art Galleries, and Botanical and Zoological Gardens",2,I,84,840,8400
841,Museums and Art Galleries,3,I,84,841,8410
8412,Museums and Art Galleries,4,I,84,841,8412
842,Arboreta and Botanical Or Zoological Gardens,3,I,84,842,8420
8422,Arboreta and Botanical Or Zoological Gardens,4,I,84,842,8422
86,Membership Organizations,2,I,86,860,8600
861,Business Associations,3,I,86,861,8610
8611,Business Associations,4,I,86,861,8611
862,Professional Membership Organizations,3,I,86,862,8620
8621,Professional Membership Organizations,4,I,86,862,8621
863,Labor Unions and Similar Labor Organizations,3,I,86,863,8630
8631,Labor Unions and Similar Labor Organizations,4,I,86,863,8631
864,"Civic, Social, and Fraternal Associations",3,I,86,864,8640
8641,"Civic, Social, and Fraternal Associations",4,I,86,864,8641
865,Political Organizations,3,I,86,865,8650
8651,Political Organizations,4,I,86,865,8651
866,Religious Organizations,3,I,86,866,8660
8661,Religious Organizations,4,I,86,866,8661
869,"Membership Organizations, Not Elsewhere Classified",3,I,86,869,8690
8699,"Membership Organizations, Not Elsewhere Classified",4,I,86,869,8699
87,"Engineering, Accounting, Research, Management, and Related Services",2,I,87,870,8700
871,"Engineering, Architectural, and Surveying",3,I,87,871,8710
8711,Engineering Services,4,I,87,871,8711
8712,Architectural Services,4,I,87,871,8712
8713,Surveying Services,4,I,87,871,8713
872,"Accounting, Auditing, and Bookkeeping Services",3,I,87,872,8720
8721,"Accounting, Auditing, and Bookkeeping Services",4,I,87,872,8721
873,"Research, Development, and Testing Services",3,I,87,873,8730
8731,Commercial Physical and Biological Research,4,I,87,873,8731
8732,"Commercial Economic, Sociological, and Educational Research",4,I,87,873,8732
8733,Noncommercial Research Organizations,4,I,87,873,8733
8734,Testing Laboratories,4,I,87,873,8734
874,Management and Public Relations Services,3,I,87,874,8740
8741,Management Services,4,I,87,874,8741
8742,Management Consulting Services,4,I,87,874,8742
8743,Public Relations Services,4,I,87,874,8743
8744,Facilities Support Management Services,4,I,87,874,8744
8748,"Business Consulting Services, Not Elsewhere Classified",4,I,87,874,8748
88,Private Households,2,I,88,880,8800
881,Private Households,3,I,88,881,8810
8811,Private Households,4,I,88,881,8811
89,Miscellaneous Services,NA,I,89,890,8900
899,Miscellaneous Services,NA,I,89,899,8990
8999,Miscellaneous Services,NA,I,89,899,8999
91,"Executive, Legislative, And General Government, Except Finance",NA,J,91,910,9100
911,Executive Offices,NA,J,91,911,9110
9111,Executive Offices,NA,J,91,911,9111
912,Legislative Bodies,NA,J,91,912,9120
9121,Legislative Bodies,NA,J,91,912,9121
913,Executive And Legislative Offices Combined,NA,J,91,913,9130
9131,Executive And Legislative Offices Combined,NA,J,91,913,9131
919,"General Government, Not Elsewhere Classified",NA,J,91,919,9190
9199,"General Government, Not Elsewhere Classified",NA,J,91,919,9199
92,"Justice, Public Order, And Safety",NA,J,92,920,9200
921,Courts,NA,J,92,921,9210
9211,Courts,NA,J,92,921,9211
922,Public Order And Safety,NA,J,92,922,9220
9221,Police Protection,NA,J,92,922,9221
9222,Legal Counsel and Prosecution,NA,J,92,922,9222
9223,Correctional Institutions,NA,J,92,922,9223
9224,Fire Protection,NA,J,92,922,9224
9229,"Public Order and Safety, Not Elsewhere Classified",NA,J,92,922,9229
93,"Public Finance, Taxation, And Monetary Policy",NA,J,93,930,9300
931,"Public Finance, Taxation, And Monetary Policy",NA,J,93,931,9310
9311,"Public Finance, Taxation, And Monetary Policy",NA,J,93,931,9311
94,Administration Of Human Resource Programs,NA,J,94,940,9400
941,Administration Of Educational Programs,NA,J,94,941,9410
9411,Administration Of Educational Programs,NA,J,94,941,9411
943,Administration Of Public Health Programs,NA,J,94,943,9430
9431,Administration Of Public Health Programs,NA,J,94,943,9431
944,"Administration of Social, Human Resource and Income Maintenance Programs",NA,J,94,944,9440
9441,"Administration of Social, Human Resource and Income Maintenance Programs",NA,J,94,944,9441
945,"Administration of Veterans' Affairs, Except Health and Insurance",NA,J,94,945,9450
9451,"Administration of Veterans' Affairs, Except Health and Insurance",NA,J,94,945,9451
95,Administration Of Environmental Quality And Housing Programs,NA,J,95,950,9500
951,Administration Of Environmental Quality,NA,J,95,951,9510
9511,Air and Water Resource and Solid Waste Management,NA,J,95,951,9511
9512,"Land, Mineral, Wildlife, and Forest Conservation",NA,J,95,951,9512
953,Administration Of Housing And Urban,NA,J,95,953,9530
9531,Administration of Housing Programs,NA,J,95,953,9531
9532, Administration of Urban Planning and Community and Rural Development,NA,J,95,953,9532
96,Administration Of Economic Programs,NA,J,96,960,9600
961,Administration Of General Economic Programs,NA,J,96,961,9610
9611,Administration Of General Economic Programs,NA,J,96,961,9611
962,Regulation And Administration Of Transportation,NA,J,96,961,9620
9621,Regulation And Administration Of Transportation,NA,J,96,961,9621
963,"Regulation and Administration of Communications, Electric, Gas, and Other Utilities",NA,J,96,961,9630
9631,"Regulation and Administration of Communications, Electric, Gas, and Other Utilities",NA,J,96,961,9631
964,Regulation of Agricultural Marketing and Commodities,NA,J,96,961,9640
9641,Regulation of Agricultural Marketing and Commodities,NA,J,96,961,9641
965,"Regulation, Licensing, and Inspection of Miscellaneous Commercial Sectors",NA,J,96,961,9650
9651,"Regulation, Licensing, and Inspection of Miscellaneous Commercial Sectors",NA,J,96,961,9651
966,Space Research And Technology,NA,J,96,961,9660
9661,Space Research And Technology,NA,J,96,961,9661
97,National Security And International Affairs,NA,J,97,970,9700
971,National Security,NA,J,97,971,9710
9711,National Security,NA,J,97,971,9711
972,International Affairs,NA,J,97,972,9720
9721,International Affairs,NA,J,97,972,9721
99,Nonclassifiable Establishments,NA,J,99,990,9900
999,Nonclassifiable Establishments,NA,J,99,999,9990
9999,Nonclassifiable Establishments,NA,J,99,999,9999
