division,major,minor,unit,title
11-18,NA,NA,NA,"Excecutive, Adminstrative and Managerial Occupations"
17-18,NA,NA,NA,Natural Scientists and Mathematicians
19-21,NA,NA,NA,"Social Scientist, Social Workers, Religious Workers, and Lawyers"
22-25,NA,NA,NA,"Teachers, Librarians, and Counselors"
26-28,NA,NA,NA,Health Diagnosing and Treating Practitioners
29-30,NA,NA,NA,"Registered Nurses, Pharmacists, Dietitians, Therapists, and Physician's Assistants"
32-34,NA,NA,NA,"Writers, Artists, Entertainers, and Athletes"
36-36,NA,NA,NA,Health Technologists and Technicians
37-39,NA,NA,NA,"Technologists and Technicians, Except Health"
40-44,NA,NA,NA,Marketing and Sales Occupations
45-47,NA,NA,NA,"Administrative Support Occupations, Including Clerical"
50-52,NA,NA,NA,Service Occupations
55-58,NA,NA,NA,"Agricultural, Forestry and Fishing Occupations"
60-61,NA,NA,NA,Mechanics and Repairers
63-65,NA,NA,NA,Construction and Extractive Occupations
67-69,NA,NA,NA,Precision Production Occupations
71-78,NA,NA,NA,Production Working Occupations
81-83,NA,NA,NA,Transportation and Material Moving Occupations
85-87,NA,NA,NA,"Handlers, Equipment Cleaners, Helpers and Laborers"
91-91,NA,NA,NA,Military Occupations
99-99,NA,NA,NA,Miscellaneous Occupations
11-18,11,NA,NA,"OFFICIALS AND ADMINISTRATORS,PUBLIC ADMINISTRATION"
11-18,12-13,NA,NA,"OFFICIALS AND ADMINISTRATORS, OTHER"
11-18,14,NA,NA,MANAGEMENT RELATED OCCUPATIONS
11-18,16,NA,NA,"ENGINEERS, SURVEYORS AND ARCHITECTS"
17-18,17,NA,NA,"COMPUTER, MATHEMATICAL, AND OPERATIONS RESEARCH OCCUPAT"
17-18,18,NA,NA,NATURAL SCIENTISTS
19-21,19,NA,NA,SOCIAL SCIENTISTS AND URBAN PLANNERS
19-21,20,NA,NA,"SOCIAL, RECREATION, AND RELIGIOUS WORKERS"
19-21,21,NA,NA,LAWYERS AND JUDGES
22-25,22,NA,NA,"TEACHERS; COLLEGE, UNIVERSITY AND OTHER POSTSECONDARY INSTITUTION"
22-25,23,NA,NA,"TEACHERS, EXCEPT POSTSECONDARY INSTITUTION"
22-25,24,NA,NA,VOCATIONAL AND EDUCATIONAL COUNSELORS
22-25,25,NA,NA,"LIBRARIANS, ARCHIVISTS, AND CURATORS"
26-28,26,NA,NA,PHYSICIANS AND DENTISTS
26-28,27,NA,NA,VETERINARIANS
26-28,28,NA,NA,OTHER HEALTH DIAGNOSING AND TREATING PRACTITIONERS
29-30,29,NA,NA,REGISTERED NURSES
29-30,30,NA,NA,"PHARMACISTS, DIETITIANS, THERAPISTS, AND PHYSICIAN'S AS"
32-34,32,NA,NA,"WRITERS, ARTISTS, PERFORMERS, AND RELATED WORKERS"
32-34,33,NA,NA,"EDITORS, REPORTERS, PUBLIC RELATIONS SPECIALISTS, AND A"
32-34,34,NA,NA,ATHLETES AND RELATED WORKERS
36-36,36,NA,NA,HEALTH TECHNOLOGISTS AND TECHNICIANS
37-39,37,NA,NA,ENGINEERING AND RLATED TECHNOLOGISTS AND TECHNICIANS
37-39,38,NA,NA,SCIENCE TECHNOLOGISTS AND TECHNICIANS
37-39,39,NA,NA,"TECHNICIANS; EXCEPT HEALTH, ENGINEERING, AND SCIENCE"
40-44,40,NA,NA,SUPERVISORS;MARKETING AND SALES OCCUPATIONS
40-44,41,NA,NA,"INSURANCE, SECURITIES, REAL ESTATE, AND BUSINESS SERVICIE SALES OCCUPATION"
40-44,42,NA,NA,"SALES OCCUPATIONS, COMMODITIES EXCEPT RETAIL"
40-44,43,NA,NA,"SALES OCCUPATIONS, RETAIL"
40-44,44,NA,NA,SALES RELATED OCCUPATIONS
45-47,45,NA,NA,"SUPERVISORS; ADMINISTRATIVE SUPPORT OCCUPATIONS, INCLUDING CLERICAL"
45-47,46,NA,NA,"ADMINISTRATIVE SUPPORT OCCUPATIONS, INCLUDING CLERICAL"
45-47,47,NA,NA,"ADMINISTRATIVE SUPPORT OCCUPATIONS, INCLUDING CLERICAL"
50-52,50,NA,NA,PRIVATE HOUSEHOLD OCCUPATIONS
50-52,51,NA,NA,PROTECTIVE SERVICE OCCUPATIONS
50-52,52,NA,NA,"SERVICE OCCUPATIONS, EXCEPT PRIVATE HOUSEHOLD AND PROTE"
55-58,55,NA,NA,FARM OPERATORS AND MANAGERS
55-58,56,NA,NA,OTHER AGRICULTURAL AND RELATED OCCUPATIONS
55-58,57,NA,NA,FORESTRY AND LOGGING OCCUPATIONS
55-58,58,NA,NA,"FISHERS, HUNTERS, AND TRAPPERS"
60-61,60,NA,NA,SUPERVISORS; MECHANICS AND REPAIRERS
60-61,61,NA,NA,MECHANICS AND REPAIRERS
63-65,63,NA,NA,SUPERVISORS; CONSTRUCTION AND EXTRACTIVE OCCUPATIONS
63-65,64,NA,NA,CONSTRUCTION TRADES
63-65,65,NA,NA,EXTRACTIVE OCCUPATIONS
67-69,67,NA,NA,SUPERVISORS; PRECISION PRODUCTION OCCUPATIONS
67-69,68,NA,NA,PRECISION PRODUCTION OCCUPATIONS
67-69,69,NA,NA,PLANT AND SYSTEM OPERATORS
71-78,71,NA,NA,SUPERVISORS; PRODUCTION OCCUPATIONS
71-78,73,NA,NA,MACHINE SETUP OPERATORS
71-78,74,NA,NA,MACHINE SETUP OPERATORS
71-78,75,NA,NA,MACHINE OPERATORS AND TENDERS
71-78,76,NA,NA,MACHINE OPERATORS AND TENDERS
71-78,77,NA,NA,"FABRICATORS, ASSEMBLERS, AND HAND WORKING OCCUPATIONS"
71-78,78,NA,NA,"PRODUCTION INSPECTORS, TESTERS, SAMPLERS, AND WEIGHERS"
81-83,81,NA,NA,SUPERVISORS; TRANSPORTATION AND MATERIAL MOVING OCCUPAT
81-83,82,NA,NA,TRANSPORTATION OCCUPATIONS
81-83,83,NA,NA,"MATERIAL MOVING OCCUPATIONS, EXCEPT TRANSPORTATION"
85-87,85,NA,NA,"SUPERVISORS; HANDLERS, EQUIPMENT CLEANERS, HELPERS, AND LABORERS"
85-87,86,NA,NA,HELPERS
85-87,87,NA,NA,"HANDLERS, EQUIPMENT CLEANERS AND LABORERS"
91-91,91,NA,NA,MILITARY OCCUPATIONS
99-99,98,NA,NA,NOT DETERMINED
99-99,99,NA,NA,MISCELLANEOUS OCCUPATIONS
11-18,11,111,NA,LEGISLATORS
11-18,11,112,NA,CHIEF EXECUTIVES AND GENERAL ADMINISTRATORS
11-18,11,113,NA,"OFFICIALS AND ADMINISTRATORS,GOVERNMENT AGENCIES"
11-18,12-13,121,NA,GENERAL MANAGERS AND OTHER TOP EXECUTIVES
11-18,12-13,122,NA,FINANCIAL MANAGERS
11-18,12-13,123,NA,PERSONNEL AND LABOR RELATIONS MANAGERS
11-18,12-13,124,NA,PURCHASING MANAGERS
11-18,12-13,125,NA,"MANAGERS; MARKETING, ADVERTISING, AND PUBLIC RELATIONS"
11-18,12-13,126,NA,"MANAGERS; ENGINEERING, MATHEMATICS, AND NATURAL SCIENCE"
11-18,12-13,127,NA,MANAGERS; SOCIAL SCIENCES AND RELATED FIELDS
11-18,12-13,128,NA,ADMINISTRATORS; EDUCATION AND RELATED FIELDS
11-18,12-13,131,NA,MANAGERS; MEDICINE AND HEALTH
11-18,12-13,132,NA,"PRODUCTION MANAGERS, INDUSTRIAL"
11-18,12-13,133,NA,CONSTRUCTION MANAGERS
11-18,12-13,134,NA,PUBLIC UTILITIES MANAGERS
11-18,12-13,135,NA,MANAGERS; SERVICE ORGANIZATIONS
11-18,12-13,136,NA,"MANAGERS; MINING, QUARRYING, WELL DRILLING, AND SIMILAR"
11-18,12-13,137,NA,MANAGERS: ADMINISTRATIVE SERVICES
11-18,12-13,139,NA,"OFFICIALS AND ADMINISTRATORS; OTHER, NEC"
11-18,14,141,NA,"ACCOUNTANTS, AUDITORS AND OTHER FINANCIAL SPECIALISTS"
11-18,14,142,NA,MANAGEMENT ANALYST
11-18,14,143,NA,"PERSONNEL, TRAINING, AND LABOR RLATIONS SPECIALISTS"
11-18,14,144,NA,PURCHASING AGENTS AND BUYERS
11-18,14,145,NA,BUSINESS AND PROMOTION AGENTS
11-18,14,147,NA,INSPECTORS AND COMPLIANCE OFFICERS
11-18,14,149,NA,"MANAGEMENT RELATED OCCUPATIONS, NEC"
11-18,16,161,NA,ARCHITECTS
11-18,16,162,NA,ENGINEERS
11-18,16,163,NA,ENGINEERS
11-18,16,164,NA,SURVEYORS AND MAPPING SCIENTISTS
17-18,17,171,NA,COMPUTER SCIENTISTS
17-18,17,172,NA,OPERATIONS AND SYSTEMS RESEARCHERS AND ANALYSTS
17-18,17,173,NA,MATHEMATICAL SCIENTISTS
17-18,18,184,NA,PHYSICAL SCIENTISTS
17-18,18,185,NA,LIFE SCIENTISTS
19-21,19,191,NA,SOCIAL SCIENTISTS
19-21,19,192,NA,URBAN AND REGIONAL PLANNERS
19-21,20,203,NA,SOCIAL AND  RECREATION WORKERS
19-21,20,204,NA,RELIGIOUS WORKERS
19-21,21,211,NA,LAWYERS
19-21,21,212,NA,JUDGES
22-25,23,231,NA,PREKINDERGARTEN AND KINDERGARTEN TEACHERS
22-25,23,232,NA,ELEMENTARY SCHOOL TEACHERS
22-25,23,233,NA,SECONDARY SCHOOL TEACHERS
22-25,23,235,NA,TEACHERS; SPECIAL EDUCATION
22-25,23,236,NA,INSTRUCTIONAL COORDINATORS
22-25,23,239,NA,"ADULT EDUCATION AND OTHER TEACHERS, NEC"
22-25,25,251,NA,LIBRARIANS
22-25,25,252,NA,ARCHIVISTS AND CURATORS
26-28,26,261,NA,PHYSICIANS
26-28,26,262,NA,DENTISTS
26-28,28,281,NA,OPTOMETRISTS
26-28,28,283,NA,PODIATRISTS
26-28,28,289,NA,"HEALTH DIAGNOSING AND TREATING PRACTITIONERS, NEC"
29-30,30,301,NA,PHARMACISTS
29-30,30,302,NA,DIETITIANS
29-30,30,303,NA,THERAPISTS
29-30,30,304,NA,PHYSICIAN'S ASSISTANTS
32-34,32,321,NA,AUTHORS
32-34,32,322,NA,DESIGNERS
32-34,32,323,NA,MUSICIANS AND COMPOSERS
32-34,32,324,NA,ACTORS AND DIRECTORS
32-34,32,325,NA,"PAINTERS, SCULPTORS, CRAFT-ARTISTS AND ARTIST-PRINTMAKE"
32-34,32,326,NA,PHOTOGRAPHERS
32-34,32,327,NA,DANCERS
32-34,32,328,NA,"PERFORMERS, NEC"
32-34,32,329,NA,"WRITERS, ARTISTS, AND RELATED WORKERS; NEC"
32-34,33,331,NA,EDITORS AND REPORTERS
32-34,33,332,NA,PUBLIC RELATIONS SPECIALISTS AND PUBLICITY WRITERS
32-34,33,333,NA,"RADIO, TELEVISION AND OTHER ANNOUNCERS"
36-36,36,362,NA,CLINICAL LABORATORY TECHNOLOGISTS AND TECHNICIANS
36-36,36,363,NA,DENTAL HYGIENISTS
36-36,36,364,NA,HEALTH RECORD TECHNOLOGISTS AND TECHNICIANS
36-36,36,365,NA,RADIOLOGIC TECHNOLOGISTS AND TECHNICIANS
36-36,36,366,NA,LICENSED PRACTICAL NURSES
36-36,36,369,NA,"HEALTH TECHNOLOGISTS AND TECHNICIANS, NEC"
37-39,37,371,NA,ENGINEERING TECHNOLOGISTS AND TECHNICIANS
37-39,37,372,NA,DRAFTING OCCUPATIONS
37-39,37,373,NA,SURVEYING AND MAPPING TECHNICIANS
37-39,38,382,NA,"BIOLOGICAL TECHNOLOGISTS AND TECHNICIANS, EXCEPT HEALTH"
37-39,38,383,NA,CHAMICAL AND NUCLEAR TECHNOLOGISTS AND TECHNICIANS
37-39,38,384,NA,MATHEMATICAL TECHNICIANS
37-39,38,389,NA,"SCIENCE TECHNOLOGISTS AND TECHNICIANS, NEC"
37-39,39,392,NA,AIR TRAFFIC CONTROLLERS
37-39,39,393,NA,RADIO AND RELATED OPERATORS
37-39,39,396,NA,LEGAL TECHNICIANS
37-39,39,397,NA,PROGRAMMERS
37-39,39,398,NA,TECHNICIAL WRITERS
37-39,39,399,NA,"TECHNICIANS, NEC"
40-44,40,401,NA,"SUPERVISORS; SALES OCCUPATIONS, INSURANCE, REAL ESTATE AND BUSINESS SERVICE"
40-44,40,402,NA,"SUPERVISIORS; SALES OCCUPATIONS, COMMODITIES EXCEPT RETAIL"
40-44,40,403,NA,"SUPERVISORS; SALES OCCUPATIONS, RETAIL"
40-44,41,412,NA,"INSURANCE, REAL ESTATE, AND SECURITIES SALES OCCUPATIONS"
40-44,41,415,NA,BUSINESS SERVICE SALES OCCUPATIONS
40-44,42,421,NA,SALES ENGINEERS
40-44,42,423,NA,TECHNICAL SALES WORKERS AND SERVICE ADVISORS
40-44,42,424,NA,SALES REPRESENTATIVES
40-44,43,434,NA,"SALESPERSON, COMMODITIES"
40-44,43,435,NA,"SALESPERSONS, COMMODITIES"
40-44,43,436,NA,SALES OCCUPATIONS; OTHER
40-44,44,444,NA,APPRAISERS AND RELATED OCCUPATIONS
40-44,44,445,NA,"DEMONSTRATORS, PROMOTERS, AND MODELS"
40-44,44,446,NA,SHOPPERS
40-44,44,447,NA,AUCTIONEERS
40-44,44,449,NA,"SALES OCCUPATIONS; OTHER, NEC"
45-47,46,461,NA,COMPUTER AND PERIPHERAL EQUIPMENT OPERATORS
45-47,46,462,NA,"SECRETARIES, STENOGRAPHERS AND TYPISTS"
45-47,46,463,NA,GENERAL OFFICE OCCUPATIONS
45-47,46,464,NA,INFORMATION CLERKS
45-47,46,466,NA,CORRESPONDENCE CLERKS AND ORDER CLERKS
45-47,46,469,NA,RECORD CLERKS
45-47,47,471,NA,FINANCIAL RECORD PROCESSING OCCUPATIONS
45-47,47,472,NA,"DUPLICATING, MAIL AND OTHER OFFICE MACHINE OPERATORS"
45-47,47,473,NA,COMMUNICATIONS EQUIPMENT OPERATORS
45-47,47,474,NA,MAIL AND MESSAGE DISTRIBUTING OCCUPATIONS
45-47,47,475,NA,"MATERIAL RECORDING, SCHEDULING, AND DISTRIBUTING CLERKS"
45-47,47,478,NA,"ADJUSTERS, INVESTIGATORS, AND COLLECTORS"
45-47,47,479,NA,"MISCELLANEOUS ADMINISTRATIVE SUPPORT OCCUPATIONS, INCLUDING CLERICAL"
50-52,50,502,NA,DAY WORKERS
50-52,50,503,NA,LAUNDERERS AND IRONERS
50-52,50,504,NA,"COOKS, PRIVATE HOUSEHOLD"
50-52,50,505,NA,HOUSEKEEPERS AND BUTLERS
50-52,50,506,NA,"CHILD CARE WORKERS, PRIVATE HOUSEHOLD"
50-52,50,507,NA,PRIVATE HOUSEHOLD CLEANERS AND SERVANTS
50-52,50,509,NA,"PRIVATE HOUSEHOLD OCCUPATIONS, NEC"
50-52,51,511,NA,"SUPERVISORS; SERVICE OCCUPATIONS, PROTECTIVE"
50-52,51,512,NA,FIREFIGHTING AND FIRE PREVENTION OCCUPATIONS
50-52,51,513,NA,POLICE AND DETECTIVES
50-52,51,514,NA,GUARDS
50-52,52,521,NA,FOOD AND BEVERAGE PREPARATION AND SERVICE OCCUPATIONS
50-52,52,523,NA,HEALTH SERVICE OCCUPATIONS
50-52,52,524,NA,"CLEANING AND BUILDING SERVICE OCCUPATIONS, EXCEPT PRIVA"
50-52,52,525,NA,PERSONAL SERVICE OCCUPATIONS
50-52,52,526,NA,PERSONAL SERVICE OCCUPATIONS
55-58,55,551,NA,FARMERS (WORKING PROPRIETORS)
55-58,55,552,NA,FARM MANAGERS
55-58,56,561,NA,"FARM OCCUPATIONS, EXCEPT MANAGERIAL"
55-58,56,562,NA,RELATED AGRICULTURAL OCCUPATIONS
55-58,57,571,NA,SUPERVISORS; FORESTRY AND LOGGING WORKERS
55-58,57,572,NA,"FORESTRY WORKERS, EXCEPT LOGGING"
55-58,57,573,NA,TIMBER CUTTING AND RELATED OCCUPATIONS
55-58,57,579,NA,"LOGGING OCCUPATIONS, NEC"
55-58,58,583,NA,FISHERS
55-58,58,584,NA,HUNTERS AND TRAPPERS
60-61,61,611,NA,VEHICLE AND MOBILE EQUIPMENT MECHANICS AND REPAIRERS
60-61,61,613,NA,INDUSTRIAL MACHINERY REPAIRERS*
60-61,61,614,NA,MACHINERY MAINTENANCE OCCUPATIONS
60-61,61,615,NA,ELECTRICAL AND ELECTRONIC EQUIPMENT REPAIRERS
60-61,61,616,NA,"HEATING, AIR-CONDITIONING, AND REFRIGERATION MECHANICS"
60-61,61,617,NA,MISCELLANEOUS MECHANICS AND REPAIRERS
63-65,63,631,NA,SUPERVISORS; CONSTRUCTION
63-65,63,632,NA,SUPERVISORS; EXTRACTIVE OCCUPATIONS
63-65,64,641,NA,"BRICKMASONS, STONEMASONS, AND HARD TILE SETTERS"
63-65,64,642,NA,CARPENTERS AND RELATED WORKERS
63-65,64,643,NA,ELECTRICIANS AND POWER TRANSMISSION INSTALLERS
63-65,64,644,NA,"PAINTERS, PAPERHANGERS, AND PLASTERERS"
63-65,64,645,NA,"PLUMBERS, PIPEFITTERS AND STEAMFITTERS"
63-65,64,646,NA,OTHER CONSTRUCTION TRADES
63-65,64,647,NA,OTHER CONSTRUCTION TRADES
63-65,65,652,NA,"DRILLERS, OIL WELL"
63-65,65,653,NA,EXPLOSIVE WORKERS
63-65,65,654,NA,MINING MACHINE OPERATORS
63-65,65,656,NA,"EXTRACTIVE OCCUPATIONS, NEC"
67-69,68,681,NA,PRECISION METAL WORKERS
67-69,68,682,NA,PRECISION METAL WORKERS
67-69,68,683,NA,PRECISION WOODWORKERS
67-69,68,684,NA,PRECISION PRINTING OCCUPATIONS
67-69,68,685,NA,"PRECISION TEXTILE, APPAREL AND FURNISHINGS WORKERS"
67-69,68,686,NA,PRECISION WORKERS; ASSORTED MATERIALS
67-69,68,687,NA,PRECISION FOOD PRODUCTION OCCUPATIONS
67-69,68,688,NA,"PRECISION INSPECTORS, TESTERS, AND RELATED WORKERS"
67-69,69,691,NA,WATER AND SEWAGE TREATMENT PLANT OPERATORS
67-69,69,692,NA,GAS PLANT OPERATORS
67-69,69,693,NA,POWER PLANT OPERATORS
67-69,69,694,NA,CHEMICAL PLANT OPERATORS
67-69,69,695,NA,PETROLEUM PLANT OPERATORS
67-69,69,696,NA,MISCELLANEOUS PLANT OR SYSTEM OPERATORS
71-78,73,731,NA,METAL WORKING AND PLASTIC WORKING MACHINE SETUP OPERATO
71-78,73,732,NA,METAL WORKING AND PLASTIC WORKING MACHINE SETUP OPERATORS
71-78,73,733,NA,METAL FABRICATING MACHINE SETUP OPERATORS
71-78,73,734,NA,METAL AND PLASTIC PROCESSING MACHINE SETUP OPERATORS
71-78,74,743,NA,WOODWORKING MACHINE SETUP OPERATORS
71-78,74,744,NA,PRINTING MACHINE SETUP OPERATORS
71-78,74,745,NA,TEXTILE MACHINE SETUP OPERATORS
71-78,74,746,NA,ASSORTED MATERIALS: MACHINE SETUP OPERATORS
71-78,74,747,NA,ASSORTED MATERIALS; MACHINE SETUP OPERATORS
71-78,75,751,NA,METALWORKING AND PLASTIC WORKING MACHINE OPERATORS AND
71-78,75,752,NA,METALWORKING AND PLASTIC WORKING MACHINE OPERATORS AND TENDERS
71-78,75,753,NA,METAL FABRICATING MACHINE OPERATORS AND TENDERS
71-78,75,754,NA,METAL AND PLASTIC PROCESSING MACHINE OEPRATORS AND TEND
71-78,76,763,NA,WOODWORKING MACHINE OPERATORS AND TENDERS
71-78,76,764,NA,PRINTING MACHINE OPERATORS AND TENDERS
71-78,76,765,NA,"TEXTILE, APPAREL AND FURNISHINGS MACHINE OPERATORS AND"
71-78,76,766,NA,MACHINE OPERATORS AND TENDERS; ASSORTED MATERIALS
71-78,76,767,NA,MACHINE OPERATORS AND TENDERS
71-78,77,771,NA,WELDERS AND SOLDERERS
71-78,77,772,NA,ASSEMBLERS
71-78,77,774,NA,"FABRICATORS, NEC"
71-78,77,775,NA,HAND WORKING OCCUPATIONS
71-78,78,782,NA,"PRODUCTION INSPECTORS, CHECKERS AND EXAMINERS"
71-78,78,783,NA,PRODUCTION TESTERS
71-78,78,784,NA,PRODUCTION SAMPLERS AND WEIGHERS
71-78,78,785,NA,"GRADERS AND SORTERS, EXCEPT AGRICULTURAL"
71-78,78,787,NA,PRODUCTION EXPEDITERS
81-83,81,811,NA,SUPERVISORS; MOTORIZED EQUIPMENT OPERATORS
81-83,81,812,NA,SUPERVISORS; MATERIAL MOVING EQUIPMENT OPERATORS
81-83,82,821,NA,MOTOR VEHICLE OPERATORS
81-83,82,823,NA,RAIL TRANSPORTATION OCCUPATIONS
81-83,82,824,NA,WATER TRANSPORTAION OCCUPATIONS
81-83,82,825,NA,AIRPLANE PILOTS AND NAVIGATORS
81-83,82,828,NA,TRANSPORTATION INSPECTORS
81-83,83,831,NA,MATERIAL MOVING EQUIPMENT OPERATORS
85-87,86,861,NA,HELPERS; MACHINE OPERATORS AND TENDERS
85-87,86,862,NA,HELPERS; FABRICATORS AND INSPECTORS
85-87,86,863,NA,HELPERS; MECHANICS AND REPAIRERS
85-87,86,864,NA,HELPERS; CONSTRUCTION TRADES
85-87,86,865,NA,HELPERS;EXTRACTIVE OCCUPATIONS
85-87,87,871,NA,CONSTRUCTION LABORERS
85-87,87,872,NA,"FREIGHT, STOCK, AND MATERIAL MOVERS; HAND"
85-87,87,873,NA,GARAGE AND SERVICE STATION RELATED OCCUPATIONS
85-87,87,874,NA,PARKING LOT ATTENDANTS
85-87,87,875,NA,VEHICLE WASHERS AND EQUIPMENT CLEANERS
85-87,87,876,NA,MISCELLANEOUS MANUAL OCCUPATIONS
99-99,99,991,NA,"MISC. OCCUPATIONS, PAID"
99-99,99,995,NA,"MISC. OCCUPATIONS, UNPAID"
99-99,NA,951,NA,RETIRED
99-99,NA,952,NA,DISABLED
99-99,NA,953,NA,ON WELFARE
99-99,NA,959,NA,"UNEMPLOYED, NEC"
11-18,11,113,1131,"JUDICIAL, PUBLIC SAFETY AND CORRECTIONS ADMINISTRATORS"
11-18,11,113,1132,HUMAN RESOURCES PROGRAM ADMINISTRATORS
11-18,11,113,1133,NATURAL RESOURCES PROGRAM ADMINSITRATORS
11-18,11,113,1134,"RURAL, URBAN, AND COMMUNITY DEVELOPMENT PROGRAM ADMINIS"
11-18,11,113,1135,"PUBLIC FINANCE, TAXATION, AND OTHER MONETARY PROGRAM AD"
11-18,11,113,1139,"OFFICIALS AND ADMINISTRATORS, PUBLIC ADMINISTRATION, NEC"
11-18,12-13,128,1281,ADMINISTRATORS; COLLEGES AND UNIVERSITIES
11-18,12-13,128,1282,ADMINISTRATORS; ELEMENTARY AND SECONDARY EDUCATION
11-18,12-13,128,1283,"ADMINISTRATORS; EDUCATION AND RELATED FIELDS, NEC"
11-18,12-13,134,1341,COMMUNICATIONS OPERATIONS MANAGERS
11-18,12-13,134,1342,TRANSPORTATION FACILITIES AND OPERATIONS MANAGERS
11-18,12-13,134,1343,"ELECTRICITY, GAS, WATER SUPPLY, AND SANTIARY SERVICES M"
11-18,12-13,134,1344,POSTMASTERS AND MAIL SUPERINTENDENTS
11-18,12-13,135,1351,MANAGERS; FOOD SERVING AND LODGING ESTABLISHMENTS
11-18,12-13,135,1352,MANAGERS; ENTERTAINMENT AND RECREATION FACILITIES
11-18,12-13,135,1353,MANAGERS; PROPERTY AND LEASING
11-18,12-13,135,1354,MANAGERS; MEMBERSHIP ORGANIZATIONS
11-18,12-13,135,1359,"MANAGERS; SERVICE ORGANIZATIONS, NEC"
11-18,14,141,1412,ACCOUNTANTS AND AUDITORS
11-18,14,141,1414,UNDERWRITERS
11-18,14,141,1415,LOAN OFFICIERS
11-18,14,141,1419,OTHER FINANCIAL OFFICERS
11-18,14,144,1442,"BUYERS, WHOLESALE AND RETAIL TRADE, EXCEPT FARM PRODUCTS"
11-18,14,144,1443,"PURCHASING AGENTS AND BUYERS, FARM PRODUCTS"
11-18,14,144,1449,"PURCHASING AGENTS AND BUYERS, NEC"
11-18,14,147,1472,CONSTRUCTION INSPECTORS
11-18,14,147,1473,"INSPECTORS AND COMPLIANCE OFFICERS, EXCEPT CONSTRUCTION"
11-18,16,162,1622,AEROSPACE ENGINEERS
11-18,16,162,1623,METALLURGICAL AND MATERIALS ENGINEERS
11-18,16,162,1624,MINING ENGINEERS
11-18,16,162,1625,PETROLEUM ENGINEERS
11-18,16,162,1626,CHEMICAL ENGINEERS
11-18,16,162,1627,NUCLEAR ENGINEERS
11-18,16,162,1628,CIVIL ENGINEERS
11-18,16,163,1632,AGRICULTURAL ENGINEERS
11-18,16,163,1633,ELECTRICAL AND ELECTRONIC ENGINEERS
11-18,16,163,1634,INDUSTRIAL ENGINEERS
11-18,16,163,1635,MECHANICAL ENGINEERS
11-18,16,163,1636,COMPUTER ENGINEERS
11-18,16,163,1637,MARINE ENGINEERS AND NAVAL ARCHITECTS
11-18,16,163,1639,"ENGINEERS, NEC"
11-18,16,164,1643,LAND SURVEYORS
11-18,16,164,1644,CARTOGRAPHERS
11-18,16,164,1649,"SURVEYORS AND MAPPING SCIENTISTS, NEC"
17-18,17,171,1712,COMPUTER SYSTEMS ANALYSTS
17-18,17,171,1719,"COMPUTER SCIENTISTS, NEC"
17-18,17,172,1721,OPERATIONS RESEARCHERS AND ANLYSTS
17-18,17,172,1722,"SYSTEMS RESEARCHERS AND ANALYSTS, EXCEPT COMPUTER"
17-18,17,173,1732,ACTUARIES
17-18,17,173,1733,STATISTICIANS
17-18,17,173,1739,"MATHEMATICAL SCIENTISTS, NEC"
17-18,18,184,1842,ASTRONOMERS
17-18,18,184,1843,PHYSICISTS
17-18,18,184,1845,"CHEMISTS, EXCEPT BIOCHEMISTS"
17-18,18,184,1846,ATMOSPHERIC AND SPACE SCIENTISTS
17-18,18,184,1847,GEOLOGISTS
17-18,18,184,1849,"PHYSICAL SCIENTISTS, NEC"
17-18,18,185,1852,FORESTRY AND CONSERVATION SCIENTISTS
17-18,18,185,1853,AGRICULTURAL AND FOOD SCIENTISTS
17-18,18,185,1854,BIOLOGICAL SCIENTISTS
17-18,18,185,1855,MEDICAL SCIENTISTS
19-21,19,191,1912,ECONOMISTS
19-21,19,191,1913,HISTORIANS
19-21,19,191,1914,POLITICAL SCIENTISTS
19-21,19,191,1915,PSYCHOLOGISTS
19-21,19,191,1916,SOCIOLOGISTS
19-21,19,191,1919,"SOCIAL SCIENTISTS, NEC"
19-21,20,203,2032,SOCIAL WORKERS
19-21,20,203,2033,RECREATION WORKERS
19-21,20,204,2042,CLERGY
19-21,20,204,2049,RELIGIOUS WORKERS NEC
29-30,30,303,3031,RESPIRATORY THERAPISTS
29-30,30,303,3032,OCCUPATIONAL THERAPISTS
29-30,30,303,3033,PHYSICAL THERAPISTS
29-30,30,303,3034,SPEECH PATHOLOGISTS AND AUDIOLOGISTS
29-30,30,303,3039,"THERAPISTS, NEC"
32-34,33,331,3312,EDITORS
32-34,33,331,3313,REPORTERS
37-39,37,371,3711,ELECTRICAL AND ELECTRONIC ENGINEERING TECHNOLOGISTS AND
37-39,37,371,3712,INDUSTRIAL ENGINEERING TECHNOLOGISTS AND TECHNICIANS
37-39,37,371,3713,MECHANICAL ENGINERING TECHNOLOGISTS AND TECHNICIANS
37-39,37,371,3719,"ENGINEERING TECHNOLOGISTS AND TECHNICIANS, NEC"
37-39,37,373,3733,SURVEYING TECHNICIANS
37-39,37,373,3734,CARTOGRAPHIC TECHNICIANS
37-39,37,373,3739,"SURVEYING AND MAPPING TECHNICIANS, NEC"
37-39,38,383,3831,CHEMICAL TECHNOLOGISTS AND TECHNICIANS
37-39,38,383,3832,NUCLEAR TECHNOLOGISTS AND TECHNICIANS
37-39,38,383,3833,PETROLEUM TECHNOLOGISTS AND TECHNICIANS
37-39,39,397,3971,"PROGRAMMERS, BUSINESS"
37-39,39,397,3972,"PROGRAMMERS, SCIENTIFIC"
37-39,39,397,3974,"PROGRAMMERS, NUMERICAL, TOOL AND PROCESS CONTROL"
40-44,41,412,4122,INSURANCE SALES OCCUPATIONS
40-44,41,412,4123,REAL ESTATE SALES OCCUPATIONS
40-44,41,412,4124,SECURITIES AND FINANICAL SERVICE SALES OCCUPATIONS
40-44,41,415,4152,"BUSINESS SERVICE, EXCEPT ADVERTISING, SALES OCCUPATIONS"
40-44,41,415,4153,ADVERTISING AND RELATED SALES OCCUPATIONS
40-44,42,423,4232,"TECHNICAL SALES WORKERS, AIRCRAFT"
40-44,42,423,4233,"TECHNICAL SALES WORKERS, AGRICULTURAL EQUIPMENT AND SUP"
40-44,42,423,4234,"TECHNICAL SALES WORKERS, ELECTRONIC EQUIPMENT"
40-44,42,423,4235,"TECHNICAL SALES WORKERS, INDUSTRIAL MACHINERY, EQUIPMEN"
40-44,42,423,4236,"TECHNICAL SALES WORKERS, MEDICAL AND DENTAL EQUIPMENT A"
40-44,42,423,4237,TECHNICAL SALES WORKERS; CHEMICALS AND CHEMICAL PRODUCT
40-44,42,423,4239,"TECHNICAL SALES WORKERS, NEC"
40-44,42,424,4242,"SALES REPRESENTATIVES, COMMERCIAL AND INDUSTRIAL EQUIPM"
40-44,42,424,4243,"SALES REPRESENTATIVES, GARMENTS AND RELATED TEXTILE PRO"
40-44,42,424,4244,"SALES REPRESENTATIVES, MOTOR VEHICLES AND SUPPLIES"
40-44,42,424,4245,"SALES REPRESENTATIVES; PULP, PAPER, AND PAPER PRODUCTS"
40-44,42,424,4246,SALES REPRESENTATIVES; FARM PRODUCTS AND LIVESTOCK
40-44,42,424,4249,SALES REPRESENTATIVES; NEC
40-44,43,434,4342,"SALESPERSONS; MOTOR VEHICLES, MOBILE HOMES, AND SUPPLIE"
40-44,43,434,4343,SALESPERSONS; MUSICAL INSTRUMENTS AND SUPPLIES
40-44,43,434,4344,SALESPERSONS; BOATS AND MARINE EQUIPMENT AND SUPPLIES
40-44,43,434,4345,SALESPERSONS; SPORTING GOODS
40-44,43,434,4346,SALESPERSONS; GARMENTS AND TEXTILE PRODUCTS
40-44,43,434,4347,"SALESPERSONS; BOOKS, STAMPS, COINS, AND STATIONERY"
40-44,43,434,4348,SALESPERSONS; FURNITURE AND HOME FURNISHINGS
40-44,43,435,4351,SALESPERSONS; SHOES
40-44,43,435,4352,"SALESPERSONS; RADIO, TELEVISION, HIGH FIDELITY, AND HOU"
40-44,43,435,4353,SALESPERSONS; HARDWARE
40-44,43,435,4354,"SALESPERSONS; COSMETICS, TOILETRIES, AND ALLIED PRODUCT"
40-44,43,435,4356,SALESPERSONS; JEWELRY AND RELATED PRODUCTS
40-44,43,435,4359,SALESPERSONS; NEC
40-44,43,436,4362,SALES CLERKS
40-44,43,436,4363,COUNTER CLERKS
40-44,43,436,4364,CASHIERS
40-44,43,436,4365,NEWS VENDORS
40-44,43,436,4366,"STREET VENDORS, DOOR-TO-DOOR SALES WORKERS, AND RELATED"
40-44,43,436,4367,SALESPERSONS; PARTS
40-44,43,436,4369,"SALES OCCUPATIONS; SERVICES, NEC"
45-47,46,461,4612,COMPUTER OPERATORS
45-47,46,461,4613,PERIPHERAL EQUIPMENT OPERATORS
45-47,46,462,4622,SECRETARIES
45-47,46,462,4623,STENOGRAPHERS
45-47,46,462,4624,TYPISTS
45-47,46,463,4631,"CLERK, UNSPECIFIED"
45-47,46,464,4642,INTERVIEWING CLERKS
45-47,46,464,4643,HOTEL CLERKS
45-47,46,464,4644,RESERVATION AGENTS AND TRANSPORTATION TICKET CLERKS
45-47,46,464,4645,RECEPTIONISTS
45-47,46,464,4649,"INFORMATION CLERKS, NEC"
45-47,46,466,4662,CLASSIFIED-AD CLERKS
45-47,46,466,4663,CORRESPONDENCE CLERKS
45-47,46,466,4664,ORDER CLERKS
45-47,46,469,4692,"PERSONNEL CLERKS, EXCEPT PAYROLL AND TIMEKEEPING"
45-47,46,469,4694,LIBRARY CLERKS
45-47,46,469,4696,FILE CLERKS
45-47,46,469,4699,"RECORDS CLERKS, NEC"
45-47,47,471,4712,BOOKKEEPERS AND ACCOUNTING AND AUDITING CLERKS
45-47,47,471,4713,PAYROLL AND TIMEKEEPING CLERKS
45-47,47,471,4715,BILLING CLERKS
45-47,47,471,4716,COST AND RATE CLERKS
45-47,47,471,4718,"BILLING, POSTING, AND CALCULATING MACHINE OPERATORS"
45-47,47,472,4722,DUPLICATING MACHINE OPERATORSCE
45-47,47,472,4723,MAIL PREPARING AND HANDLING MACHINE OPERATORS
45-47,47,472,4729,"OFFICE MACHINE OPERATORS, NEC"
45-47,47,473,4732,TELEPHONE OPERATORS
45-47,47,473,4733,TELEGRAPHERS
45-47,47,473,4739,"COMMUNICATIONS EQUIPMENT OPERATORS, NEC"
45-47,47,474,4742,"POSTAL CLERKS, EXCEPT MAIL CARRIERS"
45-47,47,474,4743,"MAIL CARRIERS, POST OFFICE"
45-47,47,474,4744,"MAIL CLERKS, EXCEPT POST OFFICE"
45-47,47,474,4745,MESSENGERS
45-47,47,475,4751,DISPATCHERS
45-47,47,475,4752,PRODUCTION AND PLANNING CLERKS
45-47,47,475,4753,"TRAFFIC, SHIPPING, AND RECEIVING CLERKS"
45-47,47,475,4754,STOCK AND INVENTORY CLERKS
45-47,47,475,4755,METER READERS
45-47,47,475,4756,"WEIGHERS, MEASURERS, AND CHECKERS"
45-47,47,475,4757,SAMPLERS
45-47,47,475,4758,EXPEDITERS
45-47,47,475,4759,"MATERIAL RECORDING, SCHEDULING, AND DISTRIBUTING CLERKS, NEC"
45-47,47,478,4782,"INSURANCE ADJUSTERS, EXAMINERS, AND INVESTIGATORS"
45-47,47,478,4783,"INVESTIGATORS AND ADJUSTERS, EXCEPT INSURANCE"
45-47,47,478,4784,"CLERKS, SOCIAL WELFARE"
45-47,47,478,4786,BILL AND ACCOUNT COLLECTORS
45-47,47,478,4787,LICENSE CLERKS
45-47,47,479,4791,BANK TELLERS
45-47,47,479,4792,PROOF READERS
45-47,47,479,4793,DATA ENTRY KEYERS
45-47,47,479,4794,STATISTICAL CLERKS
45-47,47,479,4795,TEACHERS AIDES
45-47,47,479,4799,"ADMINISTRATIVE SUPPORT OCCUPATIONS, INCLUDING CLERICAL, NEC"
50-52,51,511,5111,SUPERVISORS; FIREFIGHTING AND FIRE PREVENTION OCCUPATIO
50-52,51,511,5112,SUPERVISORS; POLICE AND DETECTIVES
50-52,51,511,5113,SUPERVISORS GUARDS
50-52,51,512,5122,FIRE INSPECTION AND FIRE PREVENTION OCCUPATIONS
50-52,51,512,5123,FIREFIGHTING OCCUPATIONS
50-52,51,513,5132,"POLICE AND DETECTIVES, PUBLIC SERVICE"
50-52,51,513,5133,CORRECTIONAL INSTITUTION OFFICERS
50-52,51,513,5134,"SHERIFFS, BAILIFFS, AND OTHER LAW ENFORCEMENT OFFICERS"
50-52,51,514,5142,CROSSING GUARDS
50-52,51,514,5144,"GUARDS AND POLICE, EXCEPT PUBLIC SERVICE"
50-52,51,514,5149,"PROTECTIVE SERVICE OCCUPATIONS, NEC"
50-52,52,521,5211,SUPERVISORS; FOOD AND BEVERAGE PREPARATION AND SERVICE OCCUPATIONS
50-52,52,521,5212,BARTENDERS
50-52,52,521,5213,WAITERS AND WAITRESSES
50-52,52,521,5214,"COOKS, EXCEPT SHORT ORDER"
50-52,52,521,5215,SHORT-ORDER COOKS
50-52,52,521,5216,"FOOD COUNTER, FOUNTAIN AND RELATED OCCUPATIONS"
50-52,52,521,5217,"KITCHEN WORKERS, FOOD PREPARATION"
50-52,52,521,5218,WATERS'/WAITRESSES' ASSISTANTS
50-52,52,521,5219,MISCELLANEOUS FOOD AND BEVERAGE PREPARATION OCCUPATIONS
50-52,52,523,5232,DENTAL ASSISTANTS
50-52,52,523,5233,"HEALTH AIDES, EXCEPT NURSING"
50-52,52,523,5236,"NURSING AIDES, ORDERLIES, AND ATTENDANTS"
50-52,52,524,5241,SUPERVISORS;CLEANING AND BUILDING SERVICE WORKERS
50-52,52,524,5242,MAIDS AND HOUSEMEN
50-52,52,524,5244,JANITORS AND CLEANERS
50-52,52,524,5245,ELEVATOR OPERATORS
50-52,52,524,5246,PEST CONTROL OCCUPATIONS
50-52,52,524,5249,"CLEANING AND BUILDING SERVICE OCCUPATIONS, NEC"
50-52,52,525,5251,SUPERVISORS; PERSONAL SERVICE OCCUPATIONS
50-52,52,525,5252,BARBERS
50-52,52,525,5253,HAIRDRESSERS AND COSMETOLOGISTS
50-52,52,525,5254,"ATTENDANTS, AMUSEMENT AND RECREATION FACILITIES"
50-52,52,525,5255,GUIDES
50-52,52,525,5256,USHERS
50-52,52,525,5257,PUBLIC TRANSPORTATION ATTENDANTS
50-52,52,525,5258,WARDROBE AND DRESSING ROOM ATTENDANTS
50-52,52,526,5262,BAGGAGE PORTERS AND BELLHOPS
50-52,52,526,5263,WELFARE SERVICE AIDES
50-52,52,526,5264,"CHILD CARE WORKERS, EXCEPT PRIVATE HOUSEHOLD"
50-52,52,526,5269,"PERSONAL SERVICE OCCUPATIONS, NEC"
55-58,55,551,5512,GENERAL FARMERS
55-58,55,551,5513,"CROP, VEGETABLE, FRUIT AND TREE NUT FARMERS"
55-58,55,551,5514,"LIVESTOCK, DAIRY AND POULTRY FARMERS"
55-58,55,551,5515,HORTICULTURAL SPECIALTY FARMERS
55-58,55,552,5522,"MANAGERS, GENERAL FARMS"
55-58,55,552,5523,"MANAGERS, CROP, VEGETABLE, FRUIT AND TREE NUT FARMS"
55-58,55,552,5524,"MANAGERS, LIVESTOCK, DAIRY AND POULTRY FARMS"
55-58,55,552,5525,"MANAGERS, HORTICULTURAL SPECIALTY FARMS"
55-58,56,561,5611,SUPERVISORS; FARM WORKERS
55-58,56,561,5612,GENERAL FARM WORKERS
55-58,56,561,5613,FIELD CROP AND VEGETABLE FARM WORKERS (HAND)
55-58,56,561,5614,ORCHARD AND VINEYARD AND RELATED WORKERS (HAND)
55-58,56,561,5615,IRRIGATION WORKERS
55-58,56,561,5616,FARM MACHINERY OPERATORS
55-58,56,561,5617,LIVESTOCK WORKERS
55-58,56,561,5618,MARINE LIFE CULTIVATION WORKERS
55-58,56,561,5619,NURSERY WORKERS
55-58,56,562,5621,SUPERVISORS; RELATED AGRICULTURAL WORKERS
55-58,56,562,5622,"GROUNDSKEEPERS AND GARDENERS, EXCEPT FARM"
55-58,56,562,5624,"ANIMAL CARETAKERS, EXCEPT FARM"
55-58,56,562,5625,GRADERS AND SORTERS; AGRICULTURAL PRODUCTS
55-58,56,562,5627,INSPECTORS; AGRICULTURAL PRODUCTS
60-61,61,611,6111,AUTOMOBILE MECHANICS
60-61,61,611,6112,"BUS AND TRUCK ENGINE, AND STATIONARY DIESEL ENGINE MECH"
60-61,61,611,6113,AIRCRAFT ENGINE MECHANICS
60-61,61,611,6114,SMALL ENGINE REPAIRERS
60-61,61,611,6115,AUTOMOBILE BODY AND RELATED REPAIRERS
60-61,61,611,6116,AIRCRAFT MECANICS (EXCEPT ENGINE SPECIALISTS)
60-61,61,611,6117,HEAVY EQUIPMENT MECHANICS
60-61,61,611,6118,FARM EQUIPMENT MECHANICS
60-61,61,615,6151,COMMUNICATIONS EQUIPMENT REPAIRERS
60-61,61,615,6152,"ELECTRIC MOTOR,TRANSFORMER,AND RELATED REPAIRERS"
60-61,61,615,6153,"ELECTRICAL AND ELECTRONIC REPAIRERS, COMERCIAL AND INDUSTRIAL EQUIPMEN"
60-61,61,615,6154,DATA PROCESSING EQUIPMENT REPAIRERS
60-61,61,615,6155,"ELECTRONIC REPAIRERS, HOME-ENTERTAINMENT EQUIPMENT"
60-61,61,615,6156,HOUSEHOLD APPLIANCE AND POWER TOOL REPAIRERS
60-61,61,615,6157,TELEPHONE LINE INSTALLERS AND REPAIRERS
60-61,61,615,6158,TELEPHONE INSTALLERS AND REPAIRERS
60-61,61,615,6159,MISCELLANEOUS ELECTRICAL AND ELECTRONIC EQUIPMENT REPAI
60-61,61,617,6171,"CAMERA, WATCH, ADN OTHER PRECISION INSTRUMENT REPAIRERS"
60-61,61,617,6172,MUSICAL INSTRUMENT REPAIRERS AND TUNERS
60-61,61,617,6173,LOCKSMITHS AND SAFE REPAIRERS
60-61,61,617,6174,OFFICE MACHINE REPAIRERS
60-61,61,617,6175,MECHANICAL CONTROLS AND VALVE REPAIRERS
60-61,61,617,6176,ELEVATOR INSTALLERS AND REPAIRERS
60-61,61,617,6177,RIGGERS
60-61,61,617,6178,MILLWRIGHTS
60-61,61,617,6179,"MECHANICS AND REPAIRERS, NEC"
63-65,63,631,6311,SUPERVISORS; OVERALL CONSTRUCTION
63-65,63,631,6312,"SUPERVISORS; BRICKMASONS, STONEMASONS, AND HARD TILE SE"
63-65,63,631,6313,SUPERVISORS; CARPENTERS AND RELATED WORKERS
63-65,63,631,6314,SUPERVISORS; ELECTRICIANS AND POWER TRANSMISSION INSTA
63-65,63,631,6315,"SUPERVISORS; PAINTERS, PAPERHANGERS, AND PLASTERERS"
63-65,63,631,6316,SUPERVISORS; PLUMBERS AND PIPEFITTERS AND STEAMFITTERS
63-65,63,631,6318,SUPERVISORS; OTHER CONSTRUCTION TRADES
63-65,64,641,6412,BRICKMASONS
63-65,64,641,6413,STONEMASONS
63-65,64,641,6414,"TILE SETTERS, HARD"
63-65,64,642,6422,CARPENTERS
63-65,64,642,6424,DRYWALL INSTALLERS
63-65,64,643,6432,ELECTRICIANS
63-65,64,643,6433,ELECTRICAL POWER INSTALLERS AND REPAIRERS
63-65,64,644,6442,PAINTERS (CONSTRUCTION AND MAINTENANCE)
63-65,64,644,6443,PAPERHANGERS
63-65,64,644,6444,PLASTERERS
63-65,64,646,6462,CARPET AND SOFT TILE INSTALLERS
63-65,64,646,6463,CONCRETE AND TERRAZZO FINISHERS
63-65,64,646,6464,GLAZIERS
63-65,64,646,6465,INSULATION WORKERS
63-65,64,646,6466,"PAVING, SURFACING, AND TAMPING EQUIPMENT OPERATORS"
63-65,64,646,6467,RAIL AND TRACK LAYING EQUIPMENT OPERATORS
63-65,64,646,6468,ROOFERS
63-65,64,647,6472,SHEETMETAL DUCT INSTALLERS
63-65,64,647,6473,STRUCTURAL METAL WORKERS
63-65,64,647,6474,"DRILLERS, EARTH"
63-65,64,647,6475,AIR HAMMER OPERATORS
63-65,64,647,6476,PILE DRIVING OPERATORS
63-65,64,647,6479,"CONSTRUCTION TRADES, NEC"
67-69,68,681,6811,TOOL AND DIE MAKERS
67-69,68,681,6812,PRECISION ASSEMBLERS (METAL)
67-69,68,681,6813,MACHINISTS
67-69,68,681,6814,BOILERMAKERS
67-69,68,681,6816,"PRECISION GRINDERS, FITTERS, AND TOOL SHARPENERS"
67-69,68,681,6817,PATTERNMAKERS AND MODEL MAKERS (METAL)
67-69,68,682,6821,LAY-OUT WORKERS
67-69,68,682,6822,PRECISION HAND MOLDERS AND SHAPERS (JEWELERS)
67-69,68,682,6823,ENGRAVERS
67-69,68,682,6824,SHEET METAL WORKERS
67-69,68,682,6829,MISCELLANEOUS PRECISION METAL WORKERS
67-69,68,683,6831,"PATTERNMAKERS AND MODEL MAKERS, WOOD"
67-69,68,683,6832,CABINET MAKERS AND BENCH CARPENTERS
67-69,68,683,6835,FURNITURE FINISHERS
67-69,68,683,6839,MISCELLANEOUS PRECISION WOODWORKERS
67-69,68,684,6841,PRECISION TYPESETTERS
67-69,68,684,6842,PRECISION LITHOGRAPHERS AND PHOTOENGRAVERS
67-69,68,684,6844,BOOKBINDERS
67-69,68,684,6849,MISCELLANEOUS PRECISION PRINTING OCCUPATIONS
67-69,68,685,6852,"TAILORS AND DRESSMAKERS, HAND"
67-69,68,685,6853,UPHOLSTERERS
67-69,68,685,6854,SHOEMAKERS AND LEATHER WORKERS AND REPAIRERS
67-69,68,685,6855,"PRECISION LAUNDERING, CLEANING, AND DYEING OCCUPATIONS"
67-69,68,685,6856,APPAREL AND FABRIC PATTERNMAKERS
67-69,68,685,6859,MISCELLANEOUS PRECISION APPAREL AND FABRIC WORKERS
67-69,68,686,6861,PRECISION HAND MOLDERS AND SHAPERS
67-69,68,686,6862,"PRECISION PATTERNMAKERS, LAY-OUT WORKERS AND CUTTERS"
67-69,68,686,6863,DETAIL DESIGN PAINTERS AND DECORATORS
67-69,68,686,6864,OPTICAL GOODS WORKERS
67-69,68,686,6865,DENTAL LABORATORY AND MEDICAL APPLIANCE TECHNICIANS
67-69,68,686,6866,GEM AND DIAMOND WORKING OCCUPATIONS
67-69,68,686,6867,PRECISION ELECTRICAL AND ELECTRONIC EQUIPMENT ASEMBLERS
67-69,68,686,6868,PHOTOGRAPHIC PRECESS WORKERS
67-69,68,686,6869,"MISCELLANEOUS PRECISION WORKERS, NEC"
67-69,68,687,6871,BUTCHERS AND MEAT CUTTERS
67-69,68,687,6872,BAKERS
67-69,68,687,6873,"BATCHMAKERS (CANDYMAKERS, CHEESEMAKERS, ETC.)"
67-69,68,687,6879,MISCELLANEOUS PRECISION FOOD WORKERS
67-69,68,688,6881,"PRECISION INSPECTORS, TESTERS, AND GRADERS"
67-69,68,688,6882,PRECISION ADJUSTERS AND CALIBRATORS
67-69,69,693,6931,STATIONARY ENGINEERS
67-69,69,693,6932,"POWER PLANT AND SYSTEMS OPERATORS, EXCEPT STATIONARY ENGINEERS"
71-78,73,731,7312,LATHE AND TURNING MACHINE SETUP OPERATORS
71-78,73,731,7313,MILLING AND PLANING MACHINE SETUP OPERATORS
71-78,73,731,7314,PUNCHING AND SHEARING MACHINE SETUP OPERATORS
71-78,73,731,7315,EXTRUDING AND DRAWING MACHINE SETUP OPERATORS
71-78,73,731,7316,ROLLING MACHINE SETUP OPERATORS
71-78,73,731,7317,PRESS AND BRAKE MACHINE SETUP OPERATORS
71-78,73,731,7318,DRILLING AND BORING MACHINE SETUP OPERATORS
71-78,73,731,7319,FORGING MACHINE SETUP OPERATORS
71-78,73,732,7322,"GRINDING, ABRADING, BUFFING, AND POLISHING MACHINE SETU"
71-78,73,732,7324,LAPPING AND HONING MACHINE SETUP OPERATORS
71-78,73,732,7326,NUMERICAL CONTROL MACHINE SETUP OPERATORS
71-78,73,732,7329,MISCELLANEOUS METALWORKING AND PLASTIC WORKING MACHINE
71-78,73,733,7332,WELDING MACHINE SETUP OPERATORS
71-78,73,733,7333,SOLDERING AND BRAZING MACHINE SETUP OPERATORS
71-78,73,733,7339,MISCELLANEOUS FABRICATING MACHINE SETUP OPERATORS
71-78,73,734,7342,MOLDING AND CASTING MACHINE SETUP OPERATORS
71-78,73,734,7343,PLATING AND COATING MACHINE SETUP OPERATORS
71-78,73,734,7344,HEATING EQUIPMENT SETUP OPERATORS
71-78,73,734,7349,MISCELLANEOUS METAL AND PLASTIC PROCESSING MACHINE SETU
71-78,74,743,7431,LATHE AND TURNING MACHINE SETUP OPERATORS
71-78,74,743,7432,ROUTER AND PLANER MACHINE SETUP OPERATORS
71-78,74,743,7433,SAWING MACHINE SETUP OPERATORS
71-78,74,743,7434,SANDING MACHINE SETUP OPERATORS
71-78,74,743,7435,SHAPING AND JOINING MACHINE STUP OPERATORS
71-78,74,743,7439,MISCELLANEOUS WOODWORKING MACHINE SETUP OPERATORS
71-78,74,744,7443,PRINTING PRESS SETUP OPERATORS
71-78,74,744,7444,PHOTOENGRAVING AND LITHOGRAPHING MACHINE SETUP OPERATOR
71-78,74,744,7449,MISCELLANEOUS PRINTING MACHINE SETUP OPERATORS
71-78,74,745,7451,WINDING AND TWISTING MACHINE SETUP OPERATORS
71-78,74,745,7452,KNITTING AND WEAVING MACHINE SETUP OPERATORS
71-78,74,745,7459,"TEXTILE MACHINE SETUP OPERATORS, NEC"
71-78,74,746,7462,PACKAGING AND FILING MACHINE SETUP OPERATORS
71-78,74,746,7463,EXTRUDING AND FORMING MACHINE SETUP OPERATORS
71-78,74,746,7467,COMPRESSING AND COMPACTING MACHINE SETUP OPERATORS
71-78,74,747,7472,ROASTING AND BAKING MACHINE SETUP OPERATORS
71-78,74,747,7474,FOLDING MACHINE SETUP OPERATORS
71-78,74,747,7476,"STILL, CLARIFYING, AND PRECIPITATING MACHINE SETUP OPER"
71-78,74,747,7477,"CRUSHING, GRINDING AND POLISHING MACHINE SETUP OPERATORS"
71-78,74,747,7478,SLICING AND CUTTING MACHINE SETUP OEPRATORS
71-78,74,747,7479,MISCELLANEOUS MACHINE SETUP OPERATORS
71-78,75,751,7512,LATHE AND TURNING MACHINE OPERATORS AND TENDERS
71-78,75,751,7513,MILLING AND PLANING MACHINE OPERATORS AND TENDERS
71-78,75,751,7514,PUNCHING AND SHEARING MACHINE OPERATORS AND TENDERS
71-78,75,751,7515,EXTRUDING AND DRAWING MACHINE OPERATORS AND TENDERS
71-78,75,751,7516,ROLLING MACHINE OPERATORS AND TENDERS
71-78,75,751,7517,PRESS AND BRAKE MACHINE OPERATORS AND TENDERS
71-78,75,751,7518,DRILLING AND BORING MACHINE OPERATORS AND TENDERS
71-78,75,751,7519,FORGING MACHINE OPERATORS AND TENDERS
71-78,75,752,7522,"GRINDING, ABRADING, BUFFING AND POLISHING MACHINE OPERA"
71-78,75,752,7529,MISCELLANEOUS METALWORKING AND PLASTIC WORKING MACHINE
71-78,75,753,7532,WELDING MACHINE OPERATORS AND TENDERS
71-78,75,753,7533,SOLDERING AND BRAZING MACHINE OPERATORS AND TENDERS
71-78,75,753,7539,MISCELLANEOUS FABRICATING MACHINE OPERATORS AND TENDERS
71-78,75,754,7542,MOLDING AND CASTING MACHINE OPERATORS AND TENDERS
71-78,75,754,7543,PLATING AND COATING MACHINE OPERATORS AND TENDERS
71-78,75,754,7544,HEATING EQUIPMENT OPERATORS AND TENDERS
71-78,75,754,7549,MISCELLANEOUS METAL AND PLASTIC PROCESSING MACHINE OPER
71-78,76,763,7631,LATHE AND TURNING MACHINE OPERATORS AND TENDERS
71-78,76,763,7632,ROUTER AND PLANER MACHINE OPERATORS AND TENDERS
71-78,76,763,7633,SAWING MACHINE OPERATORS AND TENDERS
71-78,76,763,7634,SANDING MACHINE OPERATORS AND TENDERS
71-78,76,763,7635,SHAPING AND JOINING MACHINE OPERATORS AND TENDERS
71-78,76,763,7636,NAILING AND TRACKING MACHINE OPERATORS AND TENDERS
71-78,76,763,7639,MISCELLANEOUS WOODWORKING MACHINE OPERATORS AND TENDERS
71-78,76,764,7642,TYPESETTING AND COMPOSING MACHINE OPERATORS AND TENDERS
71-78,76,764,7643,PRINTING MACHINE OPERATORS AND TENDERS
71-78,76,764,7644,PHOTOENGRAVING AND LITHOGRAPHING MACHINE OPERATORS AND
71-78,76,764,7649,"PRINTING MACHINE OPERATORS AND TENDERS, NEC"
71-78,76,765,7651,WINDING AND TWISTING MACHINE OPERATORS AND TENDERS
71-78,76,765,7652,KNITTING AND WEAVING MACHINE OPERATORS AND TENDERS
71-78,76,765,7654,TEXTILE CUTTING MACHINE OPERATOR AND TENDERS
71-78,76,765,7655,TEXTILE SEWING MACHINE OPERATORS AND TENDERS
71-78,76,765,7656,SHOE MACHINE OPERATORS AND TENDERS
71-78,76,765,7657,PRESSING MACHINE OPERATORS
71-78,76,765,7658,LAUNDERING AND DRY CLEANING MACHINE OPERATORS AND TENDE
71-78,76,765,7659,MISCELLANEOUS TEXTILE MACHINE OPERATORS AND TENDERS
71-78,76,766,7661,CEMENTING AND GLUING MACHINE OPERATORS AND TENDERS
71-78,76,766,7662,PACKAGING AND FILLING MACHINE OPERATORS AND TENDERS
71-78,76,766,7663,EXTRUDING AND FORMING MACHINE OPERATORS AND TENDERS
71-78,76,766,7664,MIXING AND BLENDING MACHINE OPERATORS AND TENDERS
71-78,76,766,7665,COOLING AND FREEZING EQUIPMENT OPERATORS AND TENDERS
71-78,76,766,7666,SEPARATING AND FILTERING MACHINE OPERATORS AND TENDERS
71-78,76,766,7667,COMPRESSING AND COMPACTING MACHINE OPERATORS AND TENDER
71-78,76,766,7668,BOILER OPERATORS AND TENDERS (LOW PRESSURE)
71-78,76,766,7669,"COATING, PAINTING, AND SPRAYING MACHINE OPERATORS AND T"
71-78,76,767,7671,PHOTOGRAPHIC PROCESSING MACHINE OPERATORS
71-78,76,767,7672,ROASTING AND BAKING MACHINE OPERATORS AND TENDERS
71-78,76,767,7673,"WASHING, CLEANING AND PICKLING EQUIPMENT OPERATORS AND"
71-78,76,767,7674,FOLDING MACHINE OPERATORS AND TENDERS
71-78,76,767,7675,"FURNACE, KILN, AND OVEN OPERATORS AND TENDERS"
71-78,76,767,7676,"STILL, CLARIFIER AND PRECIPITATOR OPERATORS AND TENDERS"
71-78,76,767,7677,CRUSHING AND GRINDING MACHINE OPERATORS AND TENDERS
71-78,76,767,7678,SLICING AND CUTTING MACHINE OPERATORS AND TENDERS
71-78,76,767,7679,"MISCELLANEOUS MACHINE OPERATORS AND TENDERS, NEC"
71-78,77,771,7714,WELDERS AND CUTTERS
71-78,77,771,7717,SOLDERERS AND BRAZERS
71-78,77,775,7752,HAND SEWING OCCUPATIONS
71-78,77,775,7753,HAND CUTTING AND TRIMMING OCCUPATIONS
71-78,77,775,7754,HAND MOLDING AND CASTING OCCUPATIONS
71-78,77,775,7755,HAND FORMING AND SHAPING OCCUPATIONS
71-78,77,775,7756,"HAND PAINTING, COATING AND DECORATING OCCUPATIONS"
71-78,77,775,7757,HAND ENGRAVING AND PRINTING OCCUPATIONS
71-78,77,775,7758,HAND GRINDING AND POLISHING OCCUPATIONS
71-78,77,775,7759,MISCELLANEOUS HAND WORKING OCCUPATIONS
81-83,81,811,8111,SUPERVISORS; MOTOR VEHICLE OPERATORS
81-83,81,811,8113,RAILROAD CONDUCTORS AND YARDMASTERS
81-83,82,821,8212,"TRUCK DRIVERS, TRACTOR-TRAILER"
81-83,82,821,8213,"TRUCK DRIVERS, HEAVY"
81-83,82,821,8214,"TRUCK DRIVERS, LIGHT (INCLUDING DELIVERY AND ROUTE DRIV"
81-83,82,821,8215,BUS DRIVERS
81-83,82,821,8216,TAXICAB DRIVERS AND CHAUFFEURS
81-83,82,821,8218,DRIVER-SALES WORKERS
81-83,82,821,8219,"OTHER MOTOR TRANSPORTATION OCCUPATIONS, NEC"
81-83,82,823,8232,LOCOMOTIVE OPERATING OCCUPATIONS
81-83,82,823,8233,"RAILROAD BRAKE, SIGNAL, AND SWITCH OPERATORS"
81-83,82,823,8239,"RAIL VEHICLE OPERATORS, NEC"
81-83,82,824,8241,"SHIP CAPTAINS AND MATES, EXCEPT FISHING BOATS"
81-83,82,824,8242,BOAT AND BARGE OPERATORS
81-83,82,824,8243,SAILORS AND DECKHANDS
81-83,82,824,8244,MARINE ENGINEERS
81-83,82,824,8245,"BRIDGE, LOCK, AND LIGHTHOUSE TENDERS"
81-83,83,831,8312,OPERATING ENGINEERS
81-83,83,831,8313,LONGSHORE EQUIPMENT OPERATORS
81-83,83,831,8314,HOIST AND WINCH OPERATORS
81-83,83,831,8315,CRANE AND TOWER OPERATORS
81-83,83,831,8316,EXCAVATING AND LOADING MACHINE OPERATORS
81-83,83,831,8317,"GRADER, DOZER, AND SCRAPER OPERATORS"
81-83,83,831,8318,INDUSTRIAL TRUCK AND TRACTOR EQUIPMENT OPERATORS
81-83,83,831,8319,MISCELLANEOUS MATERIAL MOVING EQUIPMENT OPERATORS
85-87,86,861,8611,HELPERS; METALWORKING AND PLASTIC WORKING MACHINE OPERA
85-87,86,861,8614,HELPERS; METAL AND PLASTIC PROCESSING MACHINE OPERATORS
85-87,86,861,8615,HELPERS; WOODWORKING MACHINE OPERATORS AND TENDERS
85-87,86,861,8616,HELPERS; PRINTING MACHINE OPERATORS AND TENDERS
85-87,86,861,8617,"HELPERS; TEXTILE, APPAREL AND FURNISHINGS MACHINE OPERA"
85-87,86,861,8618,HELPERS; MACHINE OPERATORS AND TENDERS ASSORTED MATERIALS
85-87,86,861,8619,HELPERS; PRECISION PRODUCTION OCCUPATIONS AND SETUP OPE
85-87,86,863,8632,HELPERS; VEHICLE AND MOBILE EQUIPMENT MECHANICS AND REP
85-87,86,863,8633,HELPERS; INDUSTRIAL MACHINERY REPAIRERS
85-87,86,863,8635,HELPERS; ELECTRICAL AND ELECTRONIC EQUIPMENT REPAIRERS
85-87,86,863,8637,HELPERS; MISCELLANEOUS MECHANICS AND REPAIRERS
85-87,86,864,8641,"HELPERS; BRICKMASONS, STONEMASONS, AND HARD TILE SETTER"
85-87,86,864,8642,HELPERS; CARPENTERS AND RELATED WORKERS
85-87,86,864,8643,HELPERS; ELECTRICIANS AND POWER TRANSMISSION INSTALLERS
85-87,86,864,8644,"HELPERS; PAINTERS, PAPERHANGERS, AND PLASTERERS"
85-87,86,864,8645,"HELPERS; PLUMBERS, PIPEFITTERS AND STEAMFITTERS"
85-87,86,864,8646,HELPERS; SURVEYOR'S
85-87,86,864,8648,HELPERS; OTHER CONSTRUCTION TRADES
85-87,87,872,8722,GARBAGE COLLECTORS
85-87,87,872,8723,STEVEDORES
85-87,87,872,8724,STOCK HANDLERS AND BAGGERS
85-87,87,872,8725,MACHINE FEEDERS AND OFFBEARERS
85-87,87,872,8726,"FREIGHT, STOCK, AND MATERIAL MOVERS, HAND, NEC"
85-87,87,876,8761,HAND PACKERS AND PACKAGERS
85-87,87,876,8769,"MANUAL OCCUPATIONS, NEC"
99-99,99,991,9911,GRADUATE ASSISTANT
99-99,99,995,9951,"HOUSEWIVES, UNPAID"
99-99,99,995,9952,"HOME GARDENERS, UNPAID"
99-99,99,995,9953,"STUDENTS, UNPAID"
99-99,99,995,9954,"VOLUNTEERS, NEC"
22-25,22,NA,2212,"ATMOSPHERIC, EARTH, MARINE, AND SPACE SCIENCES TEACHERS"
22-25,22,NA,2213,BIOLOGICAL SCIENCES TEACHERS
22-25,22,NA,2214,CHEMISTRY TEACHERS
22-25,22,NA,2215,PHYSICS TEACHERS
22-25,22,NA,2216,"NATURAL SCIENCES TEACHERS, NEC"
22-25,22,NA,2217,PSYCHOLOGY TEACHERS
22-25,22,NA,2218,ECONOMICS TEACHERS
22-25,22,NA,2222,HISTORY TEACHERS
22-25,22,NA,2223,POLITICAL SCIENCE TEACHERS
22-25,22,NA,2224,SOCIOLOGY TEACHERS
22-25,22,NA,2225,"SOCIAL SCIENCES TEACHERS, NEC"
22-25,22,NA,2226,ENGINEERING TEACHERS
22-25,22,NA,2227,MATHEMATICAL SCIENCES TEACHERS
22-25,22,NA,2228,COMPUTER SCIENCE TEACHERS
22-25,22,NA,2231,MEDICAL SCIENCE TEACHERS
22-25,22,NA,2232,"HEALTH SPECIALTIES TEACHERS, NEC"
22-25,22,NA,2233,"BUSINESS, COMMERCE AND MARKETING TEACHERS"
22-25,22,NA,2234,AGRICULTURE TEACHERS
22-25,22,NA,2235,"ART, DRAMA, AND MUSIC TEACHERS"
22-25,22,NA,2236,PHYSICAL EDUCATION TEACHERS
22-25,22,NA,2237,EDUCATION TEACHERS
22-25,22,NA,2238,ENGLISH TEACHERS
22-25,22,NA,2242,FOREIGN LANGUAGE TEACHERS
22-25,22,NA,2243,LAW TEACHERS
22-25,22,NA,2244,SOCIAL WORK TEACHERS
22-25,22,NA,2245,THEOLOGY TEACHERS
22-25,22,NA,2246,TRADE AND INDUSTRIAL TEACHERS
22-25,22,NA,2247,HOME ECONOMICS TEACHERS
22-25,22,NA,2249,"TEACHERS; POSTSECONDARY, NEC"
45-47,45,NA,4511,SUPERVISORS; GENERAL OFFICE OCCUPATIONS
45-47,45,NA,4512,SUPERVISORS; COMPUTER AND PERIPHERAL EQUIPMENT OPERATORS
45-47,45,NA,4513,"SUPERVISORS; SECRETARIES, STENOGRAPHERS AND TYPISTS"
45-47,45,NA,4514,SUPERVISORS; INFORMATION CLERKS
45-47,45,NA,4516,SUPERVISORS; CORRESPONDENCE CLERKS AND ORDER CLERKS
45-47,45,NA,4519,SUPERVISORS; RECORD CLERKS
45-47,45,NA,4521,SUPERVISORS; FINANICAL RECORD PROCESSING OCCUPATIONS
45-47,45,NA,4522,"SUPERVISORS; DUPLICATING, MAIL AND OTHER OFFICE MACHINE OPERATORS"
45-47,45,NA,4523,CHIEF COMMUNICATIONS OPERATORS
45-47,45,NA,4524,SUPERVISORS; MAIL AND MESSAGE DISTRIBUTION CLERKS
45-47,45,NA,4525,"SUPERVISORS; MATERIAL RECORDING, SCHEDULING, AND DISTRI"
45-47,45,NA,4528,"SUPERVISORS; ADJUSTERS, INVESTIGATORS, AND COLLECTORS"
45-47,45,NA,4529,SUPERVISORS; MISCELLANEOUS ADMINISTRATIVE SUPPORT OCCUPATIONS
71-78,71,NA,7234,HAND SHAPERS AND CARVERS
99-99,99,NA,9992,MISSING DATA
99-99,99,NA,9994,MISSING DATA
99-99,99,NA,9996,MISSING DATA
99-99,99,NA,9998,MISSING DATA
99-99,99,NA,9999,MISSING DATA
