soc1980_code,title,Level,parent,division,major,minor,unit
11-18,"Excecutive, Administrative and Managerial Occupations",division,0000,11-18,NA,NA,NA
17-18,Natural Scientists and Mathematicians,division,0000,17-18,NA,NA,NA
19-21,"Social Scientist, Social Workers, Religious Workers, and Lawyers",division,0000,19-21,NA,NA,NA
22-25,"Teachers, Librarians, and Counselors",division,0000,22-25,NA,NA,NA
26-28,Health Diagnosing and Treating Practitioners,division,0000,26-28,NA,NA,NA
29-30,"Registered Nurses, Pharmacists, Dietitians, Therapists, and Physician's Assistants",division,0000,29-30,NA,NA,NA
32-34,"Writers, Artists, Entertainers, and Athletes",division,0000,32-34,NA,NA,NA
36-36,Health Technologists and Technicians,division,0000,36-36,NA,NA,NA
37-39,"Technologists and Technicians, Except Health",division,0000,37-39,NA,NA,NA
40-44,Marketing and Sales Occupations,division,0000,40-44,NA,NA,NA
45-47,"Administrative Support Occupations, Including Clerical",division,0000,45-47,NA,NA,NA
50-52,Service Occupations,division,0000,50-52,NA,NA,NA
55-58,"Agricultural, Forestry and Fishing Occupations",division,0000,55-58,NA,NA,NA
60-61,Mechanics and Repairers,division,0000,60-61,NA,NA,NA
63-65,Construction and Extractive Occupations,division,0000,63-65,NA,NA,NA
67-69,Precision Production Occupations,division,0000,67-69,NA,NA,NA
71-78,Production Working Occupations,division,0000,71-78,NA,NA,NA
81-83,Transportation and Material Moving Occupations,division,0000,81-83,NA,NA,NA
85-87,"Handlers, Equipment Cleaners, Helpers and Laborers",division,0000,85-87,NA,NA,NA
91-91,Military Occupations,division,0000,91-91,NA,NA,NA
99-99,Miscellaneous Occupations,division,0000,99-99,NA,NA,NA
11,"OFFICIALS AND ADMINISTRATORS,PUBLIC ADMINISTRATION",major,11-18,11-18,NA,NA,NA
12-13,"OFFICIALS AND ADMINISTRATORS, OTHER",major,11-18,11-18,NA,NA,NA
14,MANAGEMENT RELATED OCCUPATIONS,major,11-18,11-18,NA,NA,NA
16,"ENGINEERS, SURVEYORS AND ARCHITECTS",major,11-18,11-18,NA,NA,NA
17,"COMPUTER, MATHEMATICAL, AND OPERATIONS RESEARCH OCCUPATIONS",major,17-18,17-18,NA,NA,NA
18,NATURAL SCIENTISTS,major,17-18,17-18,NA,NA,NA
19,SOCIAL SCIENTISTS AND URBAN PLANNERS,major,19-21,19-21,NA,NA,NA
20,"SOCIAL, RECREATION, AND RELIGIOUS WORKERS",major,19-21,19-21,NA,NA,NA
21,LAWYERS AND JUDGES,major,19-21,19-21,NA,NA,NA
22,"TEACHERS; COLLEGE, UNIVERSITY AND OTHER POSTSECONDARY INSTITUTION",major,22-25,22-25,NA,NA,NA
23,"TEACHERS, EXCEPT POSTSECONDARY INSTITUTION",major,22-25,22-25,NA,NA,NA
24,VOCATIONAL AND EDUCATIONAL COUNSELORS,major,22-25,22-25,NA,NA,NA
25,"LIBRARIANS, ARCHIVISTS, AND CURATORS",major,22-25,22-25,NA,NA,NA
26,PHYSICIANS AND DENTISTS,major,26-28,26-28,NA,NA,NA
27,VETERINARIANS,major,26-28,26-28,NA,NA,NA
28,OTHER HEALTH DIAGNOSING AND TREATING PRACTITIONERS,major,26-28,26-28,NA,NA,NA
29,REGISTERED NURSES,major,29-30,29-30,NA,NA,NA
30,"PHARMACISTS, DIETITIANS, THERAPISTS, AND PHYSICIAN'S AS",major,29-30,29-30,NA,NA,NA
32,"WRITERS, ARTISTS, PERFORMERS, AND RELATED WORKERS",major,32-34,32-34,NA,NA,NA
33,"EDITORS, REPORTERS, PUBLIC RELATIONS SPECIALISTS, AND ANNOUCERS",major,32-34,32-34,NA,NA,NA
34,ATHLETES AND RELATED WORKERS,major,32-34,32-34,NA,NA,NA
36,HEALTH TECHNOLOGISTS AND TECHNICIANS,major,36-36,36-36,NA,NA,NA
37,ENGINEERING AND RLATED TECHNOLOGISTS AND TECHNICIANS,major,37-39,37-39,NA,NA,NA
38,SCIENCE TECHNOLOGISTS AND TECHNICIANS,major,37-39,37-39,NA,NA,NA
39,"TECHNICIANS; EXCEPT HEALTH, ENGINEERING, AND SCIENCE",major,37-39,37-39,NA,NA,NA
40,SUPERVISORS;MARKETING AND SALES OCCUPATIONS,major,40-44,40-44,NA,NA,NA
41,"INSURANCE, SECURITIES, REAL ESTATE, AND BUSINESS SERVICIE SALES OCCUPATION",major,40-44,40-44,NA,NA,NA
42,"SALES OCCUPATIONS, COMMODITIES EXCEPT RETAIL",major,40-44,40-44,NA,NA,NA
43,"SALES OCCUPATIONS, RETAIL",major,40-44,40-44,NA,NA,NA
44,SALES RELATED OCCUPATIONS,major,40-44,40-44,NA,NA,NA
45,"SUPERVISORS; ADMINISTRATIVE SUPPORT OCCUPATIONS, INCLUDING CLERICAL",major,45-47,45-47,NA,NA,NA
46-47,"ADMINISTRATIVE SUPPORT OCCUPATIONS, INCLUDING CLERICAL",major,45-47,45-47,NA,NA,NA
50,PRIVATE HOUSEHOLD OCCUPATIONS,major,50-52,50-52,NA,NA,NA
51,PROTECTIVE SERVICE OCCUPATIONS,major,50-52,50-52,NA,NA,NA
52,"SERVICE OCCUPATIONS, EXCEPT PRIVATE HOUSEHOLD AND PROTE",major,50-52,50-52,NA,NA,NA
55,FARM OPERATORS AND MANAGERS,major,55-58,55-58,NA,NA,NA
56,OTHER AGRICULTURAL AND RELATED OCCUPATIONS,major,55-58,55-58,NA,NA,NA
57,FORESTRY AND LOGGING OCCUPATIONS,major,55-58,55-58,NA,NA,NA
58,"FISHERS, HUNTERS, AND TRAPPERS",major,55-58,55-58,NA,NA,NA
60,SUPERVISORS; MECHANICS AND REPAIRERS,major,60-61,60-61,NA,NA,NA
61,MECHANICS AND REPAIRERS,major,60-61,60-61,NA,NA,NA
63,SUPERVISORS; CONSTRUCTION AND EXTRACTIVE OCCUPATIONS,major,63-65,63-65,NA,NA,NA
64,CONSTRUCTION TRADES,major,63-65,63-65,NA,NA,NA
65,EXTRACTIVE OCCUPATIONS,major,63-65,63-65,NA,NA,NA
67,SUPERVISORS; PRECISION PRODUCTION OCCUPATIONS,major,67-69,67-69,NA,NA,NA
68,PRECISION PRODUCTION OCCUPATIONS,major,67-69,67-69,NA,NA,NA
69,PLANT AND SYSTEM OPERATORS,major,67-69,67-69,NA,NA,NA
71,SUPERVISORS; PRODUCTION OCCUPATIONS,major,71-78,71-78,NA,NA,NA
73-74,MACHINE SETUP OPERATORS,major,71-78,71-78,NA,NA,NA
75-76,MACHINE OPERATORS AND TENDERS,major,71-78,71-78,NA,NA,NA
77,"FABRICATORS, ASSEMBLERS, AND HAND WORKING OCCUPATIONS",major,71-78,71-78,NA,NA,NA
78,"PRODUCTION INSPECTORS, TESTERS, SAMPLERS, AND WEIGHERS",major,71-78,71-78,NA,NA,NA
81,SUPERVISORS; TRANSPORTATION AND MATERIAL MOVING OCCUPAT,major,81-83,81-83,NA,NA,NA
82,TRANSPORTATION OCCUPATIONS,major,81-83,81-83,NA,NA,NA
83,"MATERIAL MOVING OCCUPATIONS, EXCEPT TRANSPORTATION",major,81-83,81-83,NA,NA,NA
85,"SUPERVISORS; HANDLERS, EQUIPMENT CLEANERS, HELPERS, AND LABORERS",major,85-87,85-87,NA,NA,NA
86,HELPERS,major,85-87,85-87,NA,NA,NA
87,"HANDLERS, EQUIPMENT CLEANERS AND LABORERS",major,85-87,85-87,NA,NA,NA
91,MILITARY OCCUPATIONS,major,91-91,91-91,NA,NA,NA
98,NOT DETERMINED,major,99-99,99-99,NA,NA,NA
99,MISCELLANEOUS OCCUPATIONS,major,99-99,99-99,NA,NA,NA
111,LEGISLATORS,minor,11,11-18,NA,NA,NA
112,CHIEF EXECUTIVES AND GENERAL ADMINISTRATORS,minor,11,11-18,NA,NA,NA
113,"OFFICIALS AND ADMINISTRATORS,GOVERNMENT AGENCIES",minor,11,11-18,NA,NA,NA
121,GENERAL MANAGERS AND OTHER TOP EXECUTIVES,minor,12-13,11-18,NA,NA,NA
122,FINANCIAL MANAGERS,minor,12-13,11-18,NA,NA,NA
123,PERSONNEL AND LABOR RELATIONS MANAGERS,minor,12-13,11-18,NA,NA,NA
124,PURCHASING MANAGERS,minor,12-13,11-18,NA,NA,NA
125,"MANAGERS; MARKETING, ADVERTISING, AND PUBLIC RELATIONS",minor,12-13,11-18,NA,NA,NA
126,"MANAGERS; ENGINEERING, MATHEMATICS, AND NATURAL SCIENCE",minor,12-13,11-18,NA,NA,NA
127,MANAGERS; SOCIAL SCIENCES AND RELATED FIELDS,minor,12-13,11-18,NA,NA,NA
128,ADMINISTRATORS; EDUCATION AND RELATED FIELDS,minor,12-13,11-18,NA,NA,NA
131,MANAGERS; MEDICINE AND HEALTH,minor,12-13,11-18,NA,NA,NA
132,"PRODUCTION MANAGERS, INDUSTRIAL",minor,12-13,11-18,NA,NA,NA
133,CONSTRUCTION MANAGERS,minor,12-13,11-18,NA,NA,NA
134,PUBLIC UTILITIES MANAGERS,minor,12-13,11-18,NA,NA,NA
135,MANAGERS; SERVICE ORGANIZATIONS,minor,12-13,11-18,NA,NA,NA
136,"MANAGERS; MINING, QUARRYING, WELL DRILLING, AND SIMILAR",minor,12-13,11-18,NA,NA,NA
137,MANAGERS: ADMINISTRATIVE SERVICES,minor,12-13,11-18,NA,NA,NA
139,"OFFICIALS AND ADMINISTRATORS; OTHER, NEC",minor,12-13,11-18,NA,NA,NA
141,"ACCOUNTANTS, AUDITORS AND OTHER FINANCIAL SPECIALISTS",minor,14,11-18,NA,NA,NA
142,MANAGEMENT ANALYST,minor,14,11-18,NA,NA,NA
143,"PERSONNEL, TRAINING, AND LABOR RLATIONS SPECIALISTS",minor,14,11-18,NA,NA,NA
144,PURCHASING AGENTS AND BUYERS,minor,14,11-18,NA,NA,NA
145,BUSINESS AND PROMOTION AGENTS,minor,14,11-18,NA,NA,NA
147,INSPECTORS AND COMPLIANCE OFFICERS,minor,14,11-18,NA,NA,NA
149,"MANAGEMENT RELATED OCCUPATIONS, NEC",minor,14,11-18,NA,NA,NA
161,ARCHITECTS,minor,16,11-18,NA,NA,NA
162-3,ENGINEERS,minor,16,11-18,NA,NA,NA
164,SURVEYORS AND MAPPING SCIENTISTS,minor,16,11-18,NA,NA,NA
171,COMPUTER SCIENTISTS,minor,17,17-18,NA,NA,NA
172,OPERATIONS AND SYSTEMS RESEARCHERS AND ANALYSTS,minor,17,17-18,NA,NA,NA
173,MATHEMATICAL SCIENTISTS,minor,17,17-18,NA,NA,NA
184,PHYSICAL SCIENTISTS,minor,18,17-18,NA,NA,NA
185,LIFE SCIENTISTS,minor,18,17-18,NA,NA,NA
191,SOCIAL SCIENTISTS,minor,19,19-21,NA,NA,NA
192,URBAN AND REGIONAL PLANNERS,minor,19,19-21,NA,NA,NA
203,SOCIAL AND  RECREATION WORKERS,minor,20,19-21,NA,NA,NA
204,RELIGIOUS WORKERS,minor,20,19-21,NA,NA,NA
211,LAWYERS,minor,21,19-21,NA,NA,NA
212,JUDGES,minor,21,19-21,NA,NA,NA
231,PREKINDERGARTEN AND KINDERGARTEN TEACHERS,minor,23,22-25,NA,NA,NA
232,ELEMENTARY SCHOOL TEACHERS,minor,23,22-25,NA,NA,NA
233,SECONDARY SCHOOL TEACHERS,minor,23,22-25,NA,NA,NA
235,TEACHERS; SPECIAL EDUCATION,minor,23,22-25,NA,NA,NA
236,INSTRUCTIONAL COORDINATORS,minor,23,22-25,NA,NA,NA
239,"ADULT EDUCATION AND OTHER TEACHERS, NEC",minor,23,22-25,NA,NA,NA
251,LIBRARIANS,minor,25,22-25,NA,NA,NA
252,ARCHIVISTS AND CURATORS,minor,25,22-25,NA,NA,NA
261,PHYSICIANS,minor,26,26-28,NA,NA,NA
262,DENTISTS,minor,26,26-28,NA,NA,NA
281,OPTOMETRISTS,minor,28,26-28,NA,NA,NA
283,PODIATRISTS,minor,28,26-28,NA,NA,NA
289,"HEALTH DIAGNOSING AND TREATING PRACTITIONERS, NEC",minor,28,26-28,NA,NA,NA
301,PHARMACISTS,minor,30,29-30,NA,NA,NA
302,DIETITIANS,minor,30,29-30,NA,NA,NA
303,THERAPISTS,minor,30,29-30,NA,NA,NA
304,PHYSICIAN'S ASSISTANTS,minor,30,29-30,NA,NA,NA
321,AUTHORS,minor,32,32-34,NA,NA,NA
322,DESIGNERS,minor,32,32-34,NA,NA,NA
323,MUSICIANS AND COMPOSERS,minor,32,32-34,NA,NA,NA
324,ACTORS AND DIRECTORS,minor,32,32-34,NA,NA,NA
325,"PAINTERS, SCULPTORS, CRAFT-ARTISTS AND ARTIST-PRINTMAKE",minor,32,32-34,NA,NA,NA
326,PHOTOGRAPHERS,minor,32,32-34,NA,NA,NA
327,DANCERS,minor,32,32-34,NA,NA,NA
328,"PERFORMERS, NEC",minor,32,32-34,NA,NA,NA
329,"WRITERS, ARTISTS, AND RELATED WORKERS; NEC",minor,32,32-34,NA,NA,NA
331,EDITORS AND REPORTERS,minor,33,32-34,NA,NA,NA
332,PUBLIC RELATIONS SPECIALISTS AND PUBLICITY WRITERS,minor,33,32-34,NA,NA,NA
333,"RADIO, TELEVISION AND OTHER ANNOUNCERS",minor,33,32-34,NA,NA,NA
362,CLINICAL LABORATORY TECHNOLOGISTS AND TECHNICIANS,minor,36,36-36,NA,NA,NA
363,DENTAL HYGIENISTS,minor,36,36-36,NA,NA,NA
364,HEALTH RECORD TECHNOLOGISTS AND TECHNICIANS,minor,36,36-36,NA,NA,NA
365,RADIOLOGIC TECHNOLOGISTS AND TECHNICIANS,minor,36,36-36,NA,NA,NA
366,LICENSED PRACTICAL NURSES,minor,36,36-36,NA,NA,NA
369,"HEALTH TECHNOLOGISTS AND TECHNICIANS, NEC",minor,36,36-36,NA,NA,NA
371,ENGINEERING TECHNOLOGISTS AND TECHNICIANS,minor,37,37-39,NA,NA,NA
372,DRAFTING OCCUPATIONS,minor,37,37-39,NA,NA,NA
373,SURVEYING AND MAPPING TECHNICIANS,minor,37,37-39,NA,NA,NA
382,"BIOLOGICAL TECHNOLOGISTS AND TECHNICIANS, EXCEPT HEALTH",minor,38,37-39,NA,NA,NA
383,CHAMICAL AND NUCLEAR TECHNOLOGISTS AND TECHNICIANS,minor,38,37-39,NA,NA,NA
384,MATHEMATICAL TECHNICIANS,minor,38,37-39,NA,NA,NA
389,"SCIENCE TECHNOLOGISTS AND TECHNICIANS, NEC",minor,38,37-39,NA,NA,NA
392,AIR TRAFFIC CONTROLLERS,minor,39,37-39,NA,NA,NA
393,RADIO AND RELATED OPERATORS,minor,39,37-39,NA,NA,NA
396,LEGAL TECHNICIANS,minor,39,37-39,NA,NA,NA
397,PROGRAMMERS,minor,39,37-39,NA,NA,NA
398,TECHNICIAL WRITERS,minor,39,37-39,NA,NA,NA
399,"TECHNICIANS, NEC",minor,39,37-39,NA,NA,NA
401,"SUPERVISORS; SALES OCCUPATIONS, INSURANCE, REAL ESTATE AND BUSINESS SERVICE",minor,40,40-44,NA,NA,NA
402,"SUPERVISIORS; SALES OCCUPATIONS, COMMODITIES EXCEPT RETAIL",minor,40,40-44,NA,NA,NA
403,"SUPERVISORS; SALES OCCUPATIONS, RETAIL",minor,40,40-44,NA,NA,NA
412,"INSURANCE, REAL ESTATE, AND SECURITIES SALES OCCUPATIONS",minor,41,40-44,NA,NA,NA
415,BUSINESS SERVICE SALES OCCUPATIONS,minor,41,40-44,NA,NA,NA
421,SALES ENGINEERS,minor,42,40-44,NA,NA,NA
423,TECHNICAL SALES WORKERS AND SERVICE ADVISORS,minor,42,40-44,NA,NA,NA
424,SALES REPRESENTATIVES,minor,42,40-44,NA,NA,NA
434-5,"SALESPERSONS, COMMODITIES",minor,43,40-44,NA,NA,NA
436,SALES OCCUPATIONS; OTHER,minor,43,40-44,NA,NA,NA
444,APPRAISERS AND RELATED OCCUPATIONS,minor,44,40-44,NA,NA,NA
445,"DEMONSTRATORS, PROMOTERS, AND MODELS",minor,44,40-44,NA,NA,NA
446,SHOPPERS,minor,44,40-44,NA,NA,NA
447,AUCTIONEERS,minor,44,40-44,NA,NA,NA
449,"SALES OCCUPATIONS; OTHER, NEC",minor,44,40-44,NA,NA,NA
461,COMPUTER AND PERIPHERAL EQUIPMENT OPERATORS,minor,46-47,45-47,NA,NA,NA
462,"SECRETARIES, STENOGRAPHERS AND TYPISTS",minor,46-47,45-47,NA,NA,NA
463,GENERAL OFFICE OCCUPATIONS,minor,46-47,45-47,NA,NA,NA
464,INFORMATION CLERKS,minor,46-47,45-47,NA,NA,NA
466,CORRESPONDENCE CLERKS AND ORDER CLERKS,minor,46-47,45-47,NA,NA,NA
469,RECORD CLERKS,minor,46-47,45-47,NA,NA,NA
471,FINANCIAL RECORD PROCESSING OCCUPATIONS,minor,46-47,45-47,NA,NA,NA
472,"DUPLICATING, MAIL AND OTHER OFFICE MACHINE OPERATORS",minor,46-47,45-47,NA,NA,NA
473,COMMUNICATIONS EQUIPMENT OPERATORS,minor,46-47,45-47,NA,NA,NA
474,MAIL AND MESSAGE DISTRIBUTING OCCUPATIONS,minor,46-47,45-47,NA,NA,NA
475,"MATERIAL RECORDING, SCHEDULING, AND DISTRIBUTING CLERKS",minor,46-47,45-47,NA,NA,NA
478,"ADJUSTERS, INVESTIGATORS, AND COLLECTORS",minor,46-47,45-47,NA,NA,NA
479,"MISCELLANEOUS ADMINISTRATIVE SUPPORT OCCUPATIONS, INCLUDING CLERICAL",minor,46-47,45-47,NA,NA,NA
502,DAY WORKERS,minor,50,50-52,NA,NA,NA
503,LAUNDERERS AND IRONERS,minor,50,50-52,NA,NA,NA
504,"COOKS, PRIVATE HOUSEHOLD",minor,50,50-52,NA,NA,NA
505,HOUSEKEEPERS AND BUTLERS,minor,50,50-52,NA,NA,NA
506,"CHILD CARE WORKERS, PRIVATE HOUSEHOLD",minor,50,50-52,NA,NA,NA
507,PRIVATE HOUSEHOLD CLEANERS AND SERVANTS,minor,50,50-52,NA,NA,NA
509,"PRIVATE HOUSEHOLD OCCUPATIONS, NEC",minor,50,50-52,NA,NA,NA
511,"SUPERVISORS; SERVICE OCCUPATIONS, PROTECTIVE",minor,51,50-52,NA,NA,NA
512,FIREFIGHTING AND FIRE PREVENTION OCCUPATIONS,minor,51,50-52,NA,NA,NA
513,POLICE AND DETECTIVES,minor,51,50-52,NA,NA,NA
514,GUARDS,minor,51,50-52,NA,NA,NA
521,FOOD AND BEVERAGE PREPARATION AND SERVICE OCCUPATIONS,minor,52,50-52,NA,NA,NA
523,HEALTH SERVICE OCCUPATIONS,minor,52,50-52,NA,NA,NA
524,"CLEANING AND BUILDING SERVICE OCCUPATIONS, EXCEPT PRIVATE HOUSEHOLDS",minor,52,50-52,NA,NA,NA
525-6,PERSONAL SERVICE OCCUPATIONS,minor,52,50-52,NA,NA,NA
551,FARMERS (WORKING PROPRIETORS),minor,55,55-58,NA,NA,NA
552,FARM MANAGERS,minor,55,55-58,NA,NA,NA
561,"FARM OCCUPATIONS, EXCEPT MANAGERIAL",minor,56,55-58,NA,NA,NA
562,RELATED AGRICULTURAL OCCUPATIONS,minor,56,55-58,NA,NA,NA
571,SUPERVISORS; FORESTRY AND LOGGING WORKERS,minor,57,55-58,NA,NA,NA
572,"FORESTRY WORKERS, EXCEPT LOGGING",minor,57,55-58,NA,NA,NA
573,TIMBER CUTTING AND RELATED OCCUPATIONS,minor,57,55-58,NA,NA,NA
579,"LOGGING OCCUPATIONS, NEC",minor,57,55-58,NA,NA,NA
583,FISHERS,minor,58,55-58,NA,NA,NA
584,HUNTERS AND TRAPPERS,minor,58,55-58,NA,NA,NA
611,VEHICLE AND MOBILE EQUIPMENT MECHANICS AND REPAIRERS,minor,61,60-61,NA,NA,NA
613,INDUSTRIAL MACHINERY REPAIRERS*,minor,61,60-61,NA,NA,NA
614,MACHINERY MAINTENANCE OCCUPATIONS,minor,61,60-61,NA,NA,NA
615,ELECTRICAL AND ELECTRONIC EQUIPMENT REPAIRERS,minor,61,60-61,NA,NA,NA
616,"HEATING, AIR-CONDITIONING, AND REFRIGERATION MECHANICS",minor,61,60-61,NA,NA,NA
617,MISCELLANEOUS MECHANICS AND REPAIRERS,minor,61,60-61,NA,NA,NA
631,SUPERVISORS; CONSTRUCTION,minor,63,63-65,NA,NA,NA
632,SUPERVISORS; EXTRACTIVE OCCUPATIONS,minor,63,63-65,NA,NA,NA
641,"BRICKMASONS, STONEMASONS, AND HARD TILE SETTERS",minor,64,63-65,NA,NA,NA
642,CARPENTERS AND RELATED WORKERS,minor,64,63-65,NA,NA,NA
643,ELECTRICIANS AND POWER TRANSMISSION INSTALLERS,minor,64,63-65,NA,NA,NA
644,"PAINTERS, PAPERHANGERS, AND PLASTERERS",minor,64,63-65,NA,NA,NA
645,"PLUMBERS, PIPEFITTERS AND STEAMFITTERS",minor,64,63-65,NA,NA,NA
646-7,OTHER CONSTRUCTION TRADES,minor,64,63-65,NA,NA,NA
652,"DRILLERS, OIL WELL",minor,65,63-65,NA,NA,NA
653,EXPLOSIVE WORKERS,minor,65,63-65,NA,NA,NA
654,MINING MACHINE OPERATORS,minor,65,63-65,NA,NA,NA
656,"EXTRACTIVE OCCUPATIONS, NEC",minor,65,63-65,NA,NA,NA
681-2,PRECISION METAL WORKERS,minor,68,67-69,NA,NA,NA
683,PRECISION WOODWORKERS,minor,68,67-69,NA,NA,NA
684,PRECISION PRINTING OCCUPATIONS,minor,68,67-69,NA,NA,NA
685,"PRECISION TEXTILE, APPAREL AND FURNISHINGS WORKERS",minor,68,67-69,NA,NA,NA
686,PRECISION WORKERS; ASSORTED MATERIALS,minor,68,67-69,NA,NA,NA
687,PRECISION FOOD PRODUCTION OCCUPATIONS,minor,68,67-69,NA,NA,NA
688,"PRECISION INSPECTORS, TESTERS, AND RELATED WORKERS",minor,68,67-69,NA,NA,NA
691,WATER AND SEWAGE TREATMENT PLANT OPERATORS,minor,69,67-69,NA,NA,NA
692,GAS PLANT OPERATORS,minor,69,67-69,NA,NA,NA
693,POWER PLANT OPERATORS,minor,69,67-69,NA,NA,NA
694,CHEMICAL PLANT OPERATORS,minor,69,67-69,NA,NA,NA
695,PETROLEUM PLANT OPERATORS,minor,69,67-69,NA,NA,NA
696,MISCELLANEOUS PLANT OR SYSTEM OPERATORS,minor,69,67-69,NA,NA,NA
731-2,METAL WORKING AND PLASTIC WORKING MACHINE SETUP OPERATORS,minor,73-74,71-78,NA,NA,NA
733,METAL FABRICATING MACHINE SETUP OPERATORS,minor,73-74,71-78,NA,NA,NA
734,METAL AND PLASTIC PROCESSING MACHINE SETUP OPERATORS,minor,73-74,71-78,NA,NA,NA
743,WOODWORKING MACHINE SETUP OPERATORS,minor,73-74,71-78,NA,NA,NA
744,PRINTING MACHINE SETUP OPERATORS,minor,73-74,71-78,NA,NA,NA
745,TEXTILE MACHINE SETUP OPERATORS,minor,73-74,71-78,NA,NA,NA
746-7,ASSORTED MATERIALS: MACHINE SETUP OPERATORS,minor,73-74,71-78,NA,NA,NA
751-2,METALWORKING AND PLASTIC WORKING MACHINE OPERATORS AND TENDERS,minor,75-76,71-78,NA,NA,NA
753,METAL FABRICATING MACHINE OPERATORS AND TENDERS,minor,75-76,71-78,NA,NA,NA
754,METAL AND PLASTIC PROCESSING MACHINE OEPRATORS AND TENDERS,minor,75-76,71-78,NA,NA,NA
763,WOODWORKING MACHINE OPERATORS AND TENDERS,minor,75-76,71-78,NA,NA,NA
764,PRINTING MACHINE OPERATORS AND TENDERS,minor,75-76,71-78,NA,NA,NA
765,"TEXTILE, APPAREL AND FURNISHINGS MACHINE OPERATORS AND TENDERS",minor,75-76,71-78,NA,NA,NA
766-7,MACHINE OPERATORS AND TENDERS; ASSORTED MATERIALS,minor,75-76,71-78,NA,NA,NA
771,WELDERS AND SOLDERERS,minor,77,71-78,NA,NA,NA
772,ASSEMBLERS,minor,77,71-78,NA,NA,NA
774,"FABRICATORS, NEC",minor,77,71-78,NA,NA,NA
775,HAND WORKING OCCUPATIONS,minor,77,71-78,NA,NA,NA
782,"PRODUCTION INSPECTORS, CHECKERS AND EXAMINERS",minor,78,71-78,NA,NA,NA
783,PRODUCTION TESTERS,minor,78,71-78,NA,NA,NA
784,PRODUCTION SAMPLERS AND WEIGHERS,minor,78,71-78,NA,NA,NA
785,"GRADERS AND SORTERS, EXCEPT AGRICULTURAL",minor,78,71-78,NA,NA,NA
787,PRODUCTION EXPEDITERS,minor,78,71-78,NA,NA,NA
811,SUPERVISORS; MOTORIZED EQUIPMENT OPERATORS,minor,81,81-83,NA,NA,NA
812,SUPERVISORS; MATERIAL MOVING EQUIPMENT OPERATORS,minor,81,81-83,NA,NA,NA
821,MOTOR VEHICLE OPERATORS,minor,82,81-83,NA,NA,NA
823,RAIL TRANSPORTATION OCCUPATIONS,minor,82,81-83,NA,NA,NA
824,WATER TRANSPORTAION OCCUPATIONS,minor,82,81-83,NA,NA,NA
825,AIRPLANE PILOTS AND NAVIGATORS,minor,82,81-83,NA,NA,NA
828,TRANSPORTATION INSPECTORS,minor,82,81-83,NA,NA,NA
831,MATERIAL MOVING EQUIPMENT OPERATORS,minor,83,81-83,NA,NA,NA
861,HELPERS; MACHINE OPERATORS AND TENDERS,minor,86,85-87,NA,NA,NA
862,HELPERS; FABRICATORS AND INSPECTORS,minor,86,85-87,NA,NA,NA
863,HELPERS; MECHANICS AND REPAIRERS,minor,86,85-87,NA,NA,NA
864,HELPERS; CONSTRUCTION TRADES,minor,86,85-87,NA,NA,NA
865,HELPERS;EXTRACTIVE OCCUPATIONS,minor,86,85-87,NA,NA,NA
871,CONSTRUCTION LABORERS,minor,87,85-87,NA,NA,NA
872,"FREIGHT, STOCK, AND MATERIAL MOVERS; HAND",minor,87,85-87,NA,NA,NA
873,GARAGE AND SERVICE STATION RELATED OCCUPATIONS,minor,87,85-87,NA,NA,NA
874,PARKING LOT ATTENDANTS,minor,87,85-87,NA,NA,NA
875,VEHICLE WASHERS AND EQUIPMENT CLEANERS,minor,87,85-87,NA,NA,NA
876,MISCELLANEOUS MANUAL OCCUPATIONS,minor,87,85-87,NA,NA,NA
991,"MISC. OCCUPATIONS, PAID",minor,99,99-99,NA,NA,NA
995,"MISC. OCCUPATIONS, UNPAID",minor,99,99-99,NA,NA,NA
951,RETIRED,minor,99-99,99-99,NA,NA,NA
952,DISABLED,minor,99-99,99-99,NA,NA,NA
953,ON WELFARE,minor,99-99,99-99,NA,NA,NA
959,"UNEMPLOYED, NEC",minor,99-99,99-99,NA,NA,NA
1131,"JUDICIAL, PUBLIC SAFETY AND CORRECTIONS ADMINISTRATORS",unit,113,11-18,1131,1131,1131
1132,HUMAN RESOURCES PROGRAM ADMINISTRATORS,unit,113,11-18,1132,1132,1132
1133,NATURAL RESOURCES PROGRAM ADMINSITRATORS,unit,113,11-18,1133,1133,1133
1134,"RURAL, URBAN, AND COMMUNITY DEVELOPMENT PROGRAM ADMINISTRATORS",unit,113,11-18,1134,1134,1134
1135,"PUBLIC FINANCE, TAXATION, AND OTHER MONETARY PROGRAM ADMINSITRATORS",unit,113,11-18,1135,1135,1135
1139,"OFFICIALS AND ADMINISTRATORS, PUBLIC ADMINISTRATION, NEC",unit,113,11-18,1139,1139,1139
1281,ADMINISTRATORS; COLLEGES AND UNIVERSITIES,unit,128,11-18,1281,1281,1281
1282,ADMINISTRATORS; ELEMENTARY AND SECONDARY EDUCATION,unit,128,11-18,1282,1282,1282
1283,"ADMINISTRATORS; EDUCATION AND RELATED FIELDS, NEC",unit,128,11-18,1283,1283,1283
1341,COMMUNICATIONS OPERATIONS MANAGERS,unit,134,11-18,1341,1341,1341
1342,TRANSPORTATION FACILITIES AND OPERATIONS MANAGERS,unit,134,11-18,1342,1342,1342
1343,"ELECTRICITY, GAS, WATER SUPPLY, AND SANTIARY SERVICES MANAGERS",unit,134,11-18,1343,1343,1343
1344,POSTMASTERS AND MAIL SUPERINTENDENTS,unit,134,11-18,1344,1344,1344
1351,MANAGERS; FOOD SERVING AND LODGING ESTABLISHMENTS,unit,135,11-18,1351,1351,1351
1352,MANAGERS; ENTERTAINMENT AND RECREATION FACILITIES,unit,135,11-18,1352,1352,1352
1353,MANAGERS; PROPERTY AND LEASING,unit,135,11-18,1353,1353,1353
1354,MANAGERS; MEMBERSHIP ORGANIZATIONS,unit,135,11-18,1354,1354,1354
1359,"MANAGERS; SERVICE ORGANIZATIONS, NEC",unit,135,11-18,1359,1359,1359
1412,ACCOUNTANTS AND AUDITORS,unit,141,11-18,1412,1412,1412
1414,UNDERWRITERS,unit,141,11-18,1414,1414,1414
1415,LOAN OFFICIERS,unit,141,11-18,1415,1415,1415
1419,OTHER FINANCIAL OFFICERS,unit,141,11-18,1419,1419,1419
1442,"BUYERS, WHOLESALE AND RETAIL TRADE, EXCEPT FARM PRODUCTS",unit,144,11-18,1442,1442,1442
1443,"PURCHASING AGENTS AND BUYERS, FARM PRODUCTS",unit,144,11-18,1443,1443,1443
1449,"PURCHASING AGENTS AND BUYERS, NEC",unit,144,11-18,1449,1449,1449
1472,CONSTRUCTION INSPECTORS,unit,147,11-18,1472,1472,1472
1473,"INSPECTORS AND COMPLIANCE OFFICERS, EXCEPT CONSTRUCTION",unit,147,11-18,1473,1473,1473
1622,AEROSPACE ENGINEERS,unit,162-3,11-18,1622,1622,1622
1623,METALLURGICAL AND MATERIALS ENGINEERS,unit,162-3,11-18,1623,1623,1623
1624,MINING ENGINEERS,unit,162-3,11-18,1624,1624,1624
1625,PETROLEUM ENGINEERS,unit,162-3,11-18,1625,1625,1625
1626,CHEMICAL ENGINEERS,unit,162-3,11-18,1626,1626,1626
1627,NUCLEAR ENGINEERS,unit,162-3,11-18,1627,1627,1627
1628,CIVIL ENGINEERS,unit,162-3,11-18,1628,1628,1628
1632,AGRICULTURAL ENGINEERS,unit,162-3,11-18,1632,1632,1632
1633,ELECTRICAL AND ELECTRONIC ENGINEERS,unit,162-3,11-18,1633,1633,1633
1634,INDUSTRIAL ENGINEERS,unit,162-3,11-18,1634,1634,1634
1635,MECHANICAL ENGINEERS,unit,162-3,11-18,1635,1635,1635
1636,COMPUTER ENGINEERS,unit,162-3,11-18,1636,1636,1636
1637,MARINE ENGINEERS AND NAVAL ARCHITECTS,unit,162-3,11-18,1637,1637,1637
1639,"ENGINEERS, NEC",unit,162-3,11-18,1639,1639,1639
1643,LAND SURVEYORS,unit,164,11-18,1643,1643,1643
1644,CARTOGRAPHERS,unit,164,11-18,1644,1644,1644
1649,"SURVEYORS AND MAPPING SCIENTISTS, NEC",unit,164,11-18,1649,1649,1649
1712,COMPUTER SYSTEMS ANALYSTS,unit,171,17-18,1712,1712,1712
1719,"COMPUTER SCIENTISTS, NEC",unit,171,17-18,1719,1719,1719
1721,OPERATIONS RESEARCHERS AND ANLYSTS,unit,172,17-18,1721,1721,1721
1722,"SYSTEMS RESEARCHERS AND ANALYSTS, EXCEPT COMPUTER",unit,172,17-18,1722,1722,1722
1732,ACTUARIES,unit,173,17-18,1732,1732,1732
1733,STATISTICIANS,unit,173,17-18,1733,1733,1733
1739,"MATHEMATICAL SCIENTISTS, NEC",unit,173,17-18,1739,1739,1739
1842,ASTRONOMERS,unit,184,17-18,1842,1842,1842
1843,PHYSICISTS,unit,184,17-18,1843,1843,1843
1845,"CHEMISTS, EXCEPT BIOCHEMISTS",unit,184,17-18,1845,1845,1845
1846,ATMOSPHERIC AND SPACE SCIENTISTS,unit,184,17-18,1846,1846,1846
1847,GEOLOGISTS,unit,184,17-18,1847,1847,1847
1849,"PHYSICAL SCIENTISTS, NEC",unit,184,17-18,1849,1849,1849
1852,FORESTRY AND CONSERVATION SCIENTISTS,unit,185,17-18,1852,1852,1852
1853,AGRICULTURAL AND FOOD SCIENTISTS,unit,185,17-18,1853,1853,1853
1854,BIOLOGICAL SCIENTISTS,unit,185,17-18,1854,1854,1854
1855,MEDICAL SCIENTISTS,unit,185,17-18,1855,1855,1855
1912,ECONOMISTS,unit,191,19-21,1912,1912,1912
1913,HISTORIANS,unit,191,19-21,1913,1913,1913
1914,POLITICAL SCIENTISTS,unit,191,19-21,1914,1914,1914
1915,PSYCHOLOGISTS,unit,191,19-21,1915,1915,1915
1916,SOCIOLOGISTS,unit,191,19-21,1916,1916,1916
1919,"SOCIAL SCIENTISTS, NEC",unit,191,19-21,1919,1919,1919
2032,SOCIAL WORKERS,unit,203,19-21,2032,2032,2032
2033,RECREATION WORKERS,unit,203,19-21,2033,2033,2033
2042,CLERGY,unit,204,19-21,2042,2042,2042
2049,RELIGIOUS WORKERS NEC,unit,204,19-21,2049,2049,2049
3031,RESPIRATORY THERAPISTS,unit,303,29-30,3031,3031,3031
3032,OCCUPATIONAL THERAPISTS,unit,303,29-30,3032,3032,3032
3033,PHYSICAL THERAPISTS,unit,303,29-30,3033,3033,3033
3034,SPEECH PATHOLOGISTS AND AUDIOLOGISTS,unit,303,29-30,3034,3034,3034
3039,"THERAPISTS, NEC",unit,303,29-30,3039,3039,3039
3312,EDITORS,unit,331,32-34,3312,3312,3312
3313,REPORTERS,unit,331,32-34,3313,3313,3313
3711,ELECTRICAL AND ELECTRONIC ENGINEERING TECHNOLOGISTS AND TECHNICIANS,unit,371,37-39,3711,3711,3711
3712,INDUSTRIAL ENGINEERING TECHNOLOGISTS AND TECHNICIANS,unit,371,37-39,3712,3712,3712
3713,MECHANICAL ENGINERING TECHNOLOGISTS AND TECHNICIANS,unit,371,37-39,3713,3713,3713
3719,"ENGINEERING TECHNOLOGISTS AND TECHNICIANS, NEC",unit,371,37-39,3719,3719,3719
3733,SURVEYING TECHNICIANS,unit,373,37-39,3733,3733,3733
3734,CARTOGRAPHIC TECHNICIANS,unit,373,37-39,3734,3734,3734
3739,"SURVEYING AND MAPPING TECHNICIANS, NEC",unit,373,37-39,3739,3739,3739
3831,CHEMICAL TECHNOLOGISTS AND TECHNICIANS,unit,383,37-39,3831,3831,3831
3832,NUCLEAR TECHNOLOGISTS AND TECHNICIANS,unit,383,37-39,3832,3832,3832
3833,PETROLEUM TECHNOLOGISTS AND TECHNICIANS,unit,383,37-39,3833,3833,3833
3971,"PROGRAMMERS, BUSINESS",unit,397,37-39,3971,3971,3971
3972,"PROGRAMMERS, SCIENTIFIC",unit,397,37-39,3972,3972,3972
3974,"PROGRAMMERS, NUMERICAL, TOOL AND PROCESS CONTROL",unit,397,37-39,3974,3974,3974
4122,INSURANCE SALES OCCUPATIONS,unit,412,40-44,4122,4122,4122
4123,REAL ESTATE SALES OCCUPATIONS,unit,412,40-44,4123,4123,4123
4124,SECURITIES AND FINANICAL SERVICE SALES OCCUPATIONS,unit,412,40-44,4124,4124,4124
4152,"BUSINESS SERVICE, EXCEPT ADVERTISING, SALES OCCUPATIONS",unit,415,40-44,4152,4152,4152
4153,ADVERTISING AND RELATED SALES OCCUPATIONS,unit,415,40-44,4153,4153,4153
4232,"TECHNICAL SALES WORKERS, AIRCRAFT",unit,423,40-44,4232,4232,4232
4233,"TECHNICAL SALES WORKERS, AGRICULTURAL EQUIPMENT AND SUPPLIES",unit,423,40-44,4233,4233,4233
4234,"TECHNICAL SALES WORKERS, ELECTRONIC EQUIPMENT",unit,423,40-44,4234,4234,4234
4235,"TECHNICAL SALES WORKERS, INDUSTRIAL MACHINERY, EQUIPMENT AND SUPPLIES",unit,423,40-44,4235,4235,4235
4236,"TECHNICAL SALES WORKERS, MEDICAL AND DENTAL EQUIPMENT AND SUPPLIES",unit,423,40-44,4236,4236,4236
4237,TECHNICAL SALES WORKERS; CHEMICALS AND CHEMICAL PRODUCT,unit,423,40-44,4237,4237,4237
4239,"TECHNICAL SALES WORKERS, NEC",unit,423,40-44,4239,4239,4239
4242,"SALES REPRESENTATIVES, COMMERCIAL AND INDUSTRIAL EQUIPMENT AND SUPPLIES",unit,424,40-44,4242,4242,4242
4243,"SALES REPRESENTATIVES, GARMENTS AND RELATED TEXTILE PRODUCTS",unit,424,40-44,4243,4243,4243
4244,"SALES REPRESENTATIVES, MOTOR VEHICLES AND SUPPLIES",unit,424,40-44,4244,4244,4244
4245,"SALES REPRESENTATIVES; PULP, PAPER, AND PAPER PRODUCTS",unit,424,40-44,4245,4245,4245
4246,SALES REPRESENTATIVES; FARM PRODUCTS AND LIVESTOCK,unit,424,40-44,4246,4246,4246
4249,SALES REPRESENTATIVES; NEC,unit,424,40-44,4249,4249,4249
4342,"SALESPERSONS; MOTOR VEHICLES, MOBILE HOMES, AND SUPPLIES",unit,434-5,40-44,4342,4342,4342
4343,SALESPERSONS; MUSICAL INSTRUMENTS AND SUPPLIES,unit,434-5,40-44,4343,4343,4343
4344,SALESPERSONS; BOATS AND MARINE EQUIPMENT AND SUPPLIES,unit,434-5,40-44,4344,4344,4344
4345,SALESPERSONS; SPORTING GOODS,unit,434-5,40-44,4345,4345,4345
4346,SALESPERSONS; GARMENTS AND TEXTILE PRODUCTS,unit,434-5,40-44,4346,4346,4346
4347,"SALESPERSONS; BOOKS, STAMPS, COINS, AND STATIONERY",unit,434-5,40-44,4347,4347,4347
4348,SALESPERSONS; FURNITURE AND HOME FURNISHINGS,unit,434-5,40-44,4348,4348,4348
4351,SALESPERSONS; SHOES,unit,434-5,40-44,4351,4351,4351
4352,"SALESPERSONS; RADIO, TELEVISION, HIGH FIDELITY, AND HOUSEHOLD APPLIANCES",unit,434-5,40-44,4352,4352,4352
4353,SALESPERSONS; HARDWARE,unit,434-5,40-44,4353,4353,4353
4354,"SALESPERSONS; COSMETICS, TOILETRIES, AND ALLIED PRODUCT",unit,434-5,40-44,4354,4354,4354
4356,SALESPERSONS; JEWELRY AND RELATED PRODUCTS,unit,434-5,40-44,4356,4356,4356
4359,SALESPERSONS; NEC,unit,434-5,40-44,4359,4359,4359
4362,SALES CLERKS,unit,436,40-44,4362,4362,4362
4363,COUNTER CLERKS,unit,436,40-44,4363,4363,4363
4364,CASHIERS,unit,436,40-44,4364,4364,4364
4365,NEWS VENDORS,unit,436,40-44,4365,4365,4365
4366,"STREET VENDORS, DOOR-TO-DOOR SALES WORKERS, AND RELATED",unit,436,40-44,4366,4366,4366
4367,SALESPERSONS; PARTS,unit,436,40-44,4367,4367,4367
4369,"SALES OCCUPATIONS; SERVICES, NEC",unit,436,40-44,4369,4369,4369
4612,COMPUTER OPERATORS,unit,461,45-47,4612,4612,4612
4613,PERIPHERAL EQUIPMENT OPERATORS,unit,461,45-47,4613,4613,4613
4622,SECRETARIES,unit,462,45-47,4622,4622,4622
4623,STENOGRAPHERS,unit,462,45-47,4623,4623,4623
4624,TYPISTS,unit,462,45-47,4624,4624,4624
4642,INTERVIEWING CLERKS,unit,464,45-47,4642,4642,4642
4643,HOTEL CLERKS,unit,464,45-47,4643,4643,4643
4644,RESERVATION AGENTS AND TRANSPORTATION TICKET CLERKS,unit,464,45-47,4644,4644,4644
4645,RECEPTIONISTS,unit,464,45-47,4645,4645,4645
4649,"INFORMATION CLERKS, NEC",unit,464,45-47,4649,4649,4649
4662,CLASSIFIED-AD CLERKS,unit,466,45-47,4662,4662,4662
4663,CORRESPONDENCE CLERKS,unit,466,45-47,4663,4663,4663
4664,ORDER CLERKS,unit,466,45-47,4664,4664,4664
4692,"PERSONNEL CLERKS, EXCEPT PAYROLL AND TIMEKEEPING",unit,469,45-47,4692,4692,4692
4694,LIBRARY CLERKS,unit,469,45-47,4694,4694,4694
4696,FILE CLERKS,unit,469,45-47,4696,4696,4696
4699,"RECORDS CLERKS, NEC",unit,469,45-47,4699,4699,4699
4712,BOOKKEEPERS AND ACCOUNTING AND AUDITING CLERKS,unit,471,45-47,4712,4712,4712
4713,PAYROLL AND TIMEKEEPING CLERKS,unit,471,45-47,4713,4713,4713
4715,BILLING CLERKS,unit,471,45-47,4715,4715,4715
4716,COST AND RATE CLERKS,unit,471,45-47,4716,4716,4716
4718,"BILLING, POSTING, AND CALCULATING MACHINE OPERATORS",unit,471,45-47,4718,4718,4718
4722,DUPLICATING MACHINE OPERATORSCE,unit,472,45-47,4722,4722,4722
4723,MAIL PREPARING AND HANDLING MACHINE OPERATORS,unit,472,45-47,4723,4723,4723
4729,"OFFICE MACHINE OPERATORS, NEC",unit,472,45-47,4729,4729,4729
4732,TELEPHONE OPERATORS,unit,473,45-47,4732,4732,4732
4733,TELEGRAPHERS,unit,473,45-47,4733,4733,4733
4739,"COMMUNICATIONS EQUIPMENT OPERATORS, NEC",unit,473,45-47,4739,4739,4739
4742,"POSTAL CLERKS, EXCEPT MAIL CARRIERS",unit,474,45-47,4742,4742,4742
4743,"MAIL CARRIERS, POST OFFICE",unit,474,45-47,4743,4743,4743
4744,"MAIL CLERKS, EXCEPT POST OFFICE",unit,474,45-47,4744,4744,4744
4745,MESSENGERS,unit,474,45-47,4745,4745,4745
4751,DISPATCHERS,unit,475,45-47,4751,4751,4751
4752,PRODUCTION AND PLANNING CLERKS,unit,475,45-47,4752,4752,4752
4753,"TRAFFIC, SHIPPING, AND RECEIVING CLERKS",unit,475,45-47,4753,4753,4753
4754,STOCK AND INVENTORY CLERKS,unit,475,45-47,4754,4754,4754
4755,METER READERS,unit,475,45-47,4755,4755,4755
4756,"WEIGHERS, MEASURERS, AND CHECKERS",unit,475,45-47,4756,4756,4756
4757,SAMPLERS,unit,475,45-47,4757,4757,4757
4758,EXPEDITERS,unit,475,45-47,4758,4758,4758
4759,"MATERIAL RECORDING, SCHEDULING, AND DISTRIBUTING CLERKS, NEC",unit,475,45-47,4759,4759,4759
4782,"INSURANCE ADJUSTERS, EXAMINERS, AND INVESTIGATORS",unit,478,45-47,4782,4782,4782
4783,"INVESTIGATORS AND ADJUSTERS, EXCEPT INSURANCE",unit,478,45-47,4783,4783,4783
4784,"CLERKS, SOCIAL WELFARE",unit,478,45-47,4784,4784,4784
4786,BILL AND ACCOUNT COLLECTORS,unit,478,45-47,4786,4786,4786
4787,LICENSE CLERKS,unit,478,45-47,4787,4787,4787
4791,BANK TELLERS,unit,479,45-47,4791,4791,4791
4792,PROOF READERS,unit,479,45-47,4792,4792,4792
4793,DATA ENTRY KEYERS,unit,479,45-47,4793,4793,4793
4794,STATISTICAL CLERKS,unit,479,45-47,4794,4794,4794
4795,TEACHERS AIDES,unit,479,45-47,4795,4795,4795
4799,"ADMINISTRATIVE SUPPORT OCCUPATIONS, INCLUDING CLERICAL, NEC",unit,479,45-47,4799,4799,4799
5111,SUPERVISORS; FIREFIGHTING AND FIRE PREVENTION OCCUPATIO,unit,511,50-52,5111,5111,5111
5112,SUPERVISORS; POLICE AND DETECTIVES,unit,511,50-52,5112,5112,5112
5113,SUPERVISORS GUARDS,unit,511,50-52,5113,5113,5113
5122,FIRE INSPECTION AND FIRE PREVENTION OCCUPATIONS,unit,512,50-52,5122,5122,5122
5123,FIREFIGHTING OCCUPATIONS,unit,512,50-52,5123,5123,5123
5132,"POLICE AND DETECTIVES, PUBLIC SERVICE",unit,513,50-52,5132,5132,5132
5133,CORRECTIONAL INSTITUTION OFFICERS,unit,513,50-52,5133,5133,5133
5134,"SHERIFFS, BAILIFFS, AND OTHER LAW ENFORCEMENT OFFICERS",unit,513,50-52,5134,5134,5134
5142,CROSSING GUARDS,unit,514,50-52,5142,5142,5142
5144,"GUARDS AND POLICE, EXCEPT PUBLIC SERVICE",unit,514,50-52,5144,5144,5144
5149,"PROTECTIVE SERVICE OCCUPATIONS, NEC",unit,514,50-52,5149,5149,5149
5211,SUPERVISORS; FOOD AND BEVERAGE PREPARATION AND SERVICE OCCUPATIONS,unit,521,50-52,5211,5211,5211
5212,BARTENDERS,unit,521,50-52,5212,5212,5212
5213,WAITERS AND WAITRESSES,unit,521,50-52,5213,5213,5213
5214,"COOKS, EXCEPT SHORT ORDER",unit,521,50-52,5214,5214,5214
5215,SHORT-ORDER COOKS,unit,521,50-52,5215,5215,5215
5216,"FOOD COUNTER, FOUNTAIN AND RELATED OCCUPATIONS",unit,521,50-52,5216,5216,5216
5217,"KITCHEN WORKERS, FOOD PREPARATION",unit,521,50-52,5217,5217,5217
5218,WATERS'/WAITRESSES' ASSISTANTS,unit,521,50-52,5218,5218,5218
5219,MISCELLANEOUS FOOD AND BEVERAGE PREPARATION OCCUPATIONS,unit,521,50-52,5219,5219,5219
5232,DENTAL ASSISTANTS,unit,523,50-52,5232,5232,5232
5233,"HEALTH AIDES, EXCEPT NURSING",unit,523,50-52,5233,5233,5233
5236,"NURSING AIDES, ORDERLIES, AND ATTENDANTS",unit,523,50-52,5236,5236,5236
5241,SUPERVISORS;CLEANING AND BUILDING SERVICE WORKERS,unit,524,50-52,5241,5241,5241
5242,MAIDS AND HOUSEMEN,unit,524,50-52,5242,5242,5242
5244,JANITORS AND CLEANERS,unit,524,50-52,5244,5244,5244
5245,ELEVATOR OPERATORS,unit,524,50-52,5245,5245,5245
5246,PEST CONTROL OCCUPATIONS,unit,524,50-52,5246,5246,5246
5249,"CLEANING AND BUILDING SERVICE OCCUPATIONS, NEC",unit,524,50-52,5249,5249,5249
5251,SUPERVISORS; PERSONAL SERVICE OCCUPATIONS,unit,525-6,50-52,5251,5251,5251
5252,BARBERS,unit,525-6,50-52,5252,5252,5252
5253,HAIRDRESSERS AND COSMETOLOGISTS,unit,525-6,50-52,5253,5253,5253
5254,"ATTENDANTS, AMUSEMENT AND RECREATION FACILITIES",unit,525-6,50-52,5254,5254,5254
5255,GUIDES,unit,525-6,50-52,5255,5255,5255
5256,USHERS,unit,525-6,50-52,5256,5256,5256
5257,PUBLIC TRANSPORTATION ATTENDANTS,unit,525-6,50-52,5257,5257,5257
5258,WARDROBE AND DRESSING ROOM ATTENDANTS,unit,525-6,50-52,5258,5258,5258
5262,BAGGAGE PORTERS AND BELLHOPS,unit,525-6,50-52,5262,5262,5262
5263,WELFARE SERVICE AIDES,unit,525-6,50-52,5263,5263,5263
5264,"CHILD CARE WORKERS, EXCEPT PRIVATE HOUSEHOLD",unit,525-6,50-52,5264,5264,5264
5269,"PERSONAL SERVICE OCCUPATIONS, NEC",unit,525-6,50-52,5269,5269,5269
5512,GENERAL FARMERS,unit,551,55-58,5512,5512,5512
5513,"CROP, VEGETABLE, FRUIT AND TREE NUT FARMERS",unit,551,55-58,5513,5513,5513
5514,"LIVESTOCK, DAIRY AND POULTRY FARMERS",unit,551,55-58,5514,5514,5514
5515,HORTICULTURAL SPECIALTY FARMERS,unit,551,55-58,5515,5515,5515
5522,"MANAGERS, GENERAL FARMS",unit,552,55-58,5522,5522,5522
5523,"MANAGERS, CROP, VEGETABLE, FRUIT AND TREE NUT FARM",unit,552,55-58,5523,5523,5523
5524,"MANAGERS, LIVESTOCK, DAIRY AND POULTRY FARM",unit,552,55-58,5524,5524,5524
5525,"MANAGERS, HORTICULTURAL SPECIALTY FARM",unit,552,55-58,5525,5525,5525
5611,SUPERVISORS; FARM WORKERS,unit,561,55-58,5611,5611,5611
5612,GENERAL FARM WORKERS,unit,561,55-58,5612,5612,5612
5613,FIELD CROP AND VEGETABLE FARM WORKERS (HAND),unit,561,55-58,5613,5613,5613
5614,ORCHARD AND VINEYARD AND RELATED WORKERS (HAND),unit,561,55-58,5614,5614,5614
5615,IRRIGATION WORKERS,unit,561,55-58,5615,5615,5615
5616,FARM MACHINERY OPERATORS,unit,561,55-58,5616,5616,5616
5617,LIVESTOCK WORKERS,unit,561,55-58,5617,5617,5617
5618,MARINE LIFE CULTIVATION WORKERS,unit,561,55-58,5618,5618,5618
5619,NURSERY WORKERS,unit,561,55-58,5619,5619,5619
5621,SUPERVISORS; RELATED AGRICULTURAL WORKERS,unit,562,55-58,5621,5621,5621
5622,"GROUNDSKEEPERS AND GARDENERS, EXCEPT FARM",unit,562,55-58,5622,5622,5622
5624,"ANIMAL CARETAKERS, EXCEPT FARM",unit,562,55-58,5624,5624,5624
5625,GRADERS AND SORTERS; AGRICULTURAL PRODUCTS,unit,562,55-58,5625,5625,5625
5627,INSPECTORS; AGRICULTURAL PRODUCTS,unit,562,55-58,5627,5627,5627
6111,AUTOMOBILE MECHANICS,unit,611,60-61,6111,6111,6111
6112,"BUS AND TRUCK ENGINE, AND STATIONARY DIESEL ENGINE MECHANICS",unit,611,60-61,6112,6112,6112
6113,AIRCRAFT ENGINE MECHANICS,unit,611,60-61,6113,6113,6113
6114,SMALL ENGINE REPAIRERS,unit,611,60-61,6114,6114,6114
6115,AUTOMOBILE BODY AND RELATED REPAIRERS,unit,611,60-61,6115,6115,6115
6116,AIRCRAFT MECANICS (EXCEPT ENGINE SPECIALISTS),unit,611,60-61,6116,6116,6116
6117,HEAVY EQUIPMENT MECHANICS,unit,611,60-61,6117,6117,6117
6118,FARM EQUIPMENT MECHANICS,unit,611,60-61,6118,6118,6118
6151,COMMUNICATIONS EQUIPMENT REPAIRERS,unit,615,60-61,6151,6151,6151
6152,"ELECTRIC MOTOR,TRANSFORMER,AND RELATED REPAIRERS",unit,615,60-61,6152,6152,6152
6153,"ELECTRICAL AND ELECTRONIC REPAIRERS, COMERCIAL AND INDUSTRIAL EQUIPMENT",unit,615,60-61,6153,6153,6153
6154,DATA PROCESSING EQUIPMENT REPAIRERS,unit,615,60-61,6154,6154,6154
6155,"ELECTRONIC REPAIRERS, HOME-ENTERTAINMENT EQUIPMENT",unit,615,60-61,6155,6155,6155
6156,HOUSEHOLD APPLIANCE AND POWER TOOL REPAIRERS,unit,615,60-61,6156,6156,6156
6157,TELEPHONE LINE INSTALLERS AND REPAIRERS,unit,615,60-61,6157,6157,6157
6158,TELEPHONE INSTALLERS AND REPAIRERS,unit,615,60-61,6158,6158,6158
6159,MISCELLANEOUS ELECTRICAL AND ELECTRONIC EQUIPMENT REPAIRERS,unit,615,60-61,6159,6159,6159
6171,"CAMERA, WATCH, ADN OTHER PRECISION INSTRUMENT REPAIRERS",unit,617,60-61,6171,6171,6171
6172,MUSICAL INSTRUMENT REPAIRERS AND TUNERS,unit,617,60-61,6172,6172,6172
6173,LOCKSMITHS AND SAFE REPAIRERS,unit,617,60-61,6173,6173,6173
6174,OFFICE MACHINE REPAIRERS,unit,617,60-61,6174,6174,6174
6175,MECHANICAL CONTROLS AND VALVE REPAIRERS,unit,617,60-61,6175,6175,6175
6176,ELEVATOR INSTALLERS AND REPAIRERS,unit,617,60-61,6176,6176,6176
6177,RIGGERS,unit,617,60-61,6177,6177,6177
6178,MILLWRIGHTS,unit,617,60-61,6178,6178,6178
6179,"MECHANICS AND REPAIRERS, NEC",unit,617,60-61,6179,6179,6179
6311,SUPERVISORS; OVERALL CONSTRUCTION,unit,631,63-65,6311,6311,6311
6312,"SUPERVISORS; BRICKMASONS, STONEMASONS, AND HARD TILE SETTERS",unit,631,63-65,6312,6312,6312
6313,SUPERVISORS; CARPENTERS AND RELATED WORKERS,unit,631,63-65,6313,6313,6313
6314,SUPERVISORS; ELECTRICIANS AND POWER TRANSMISSION INSTALLERS,unit,631,63-65,6314,6314,6314
6315,"SUPERVISORS; PAINTERS, PAPERHANGERS, AND PLASTERERS",unit,631,63-65,6315,6315,6315
6316,SUPERVISORS; PLUMBERS AND PIPEFITTERS AND STEAMFITTERS,unit,631,63-65,6316,6316,6316
6318,SUPERVISORS; OTHER CONSTRUCTION TRADES,unit,631,63-65,6318,6318,6318
6412,BRICKMASONS,unit,641,63-65,6412,6412,6412
6413,STONEMASONS,unit,641,63-65,6413,6413,6413
6414,"TILE SETTERS, HARD",unit,641,63-65,6414,6414,6414
6422,CARPENTERS,unit,642,63-65,6422,6422,6422
6424,DRYWALL INSTALLERS,unit,642,63-65,6424,6424,6424
6432,ELECTRICIANS,unit,643,63-65,6432,6432,6432
6433,ELECTRICAL POWER INSTALLERS AND REPAIRERS,unit,643,63-65,6433,6433,6433
6442,PAINTERS (CONSTRUCTION AND MAINTENANCE),unit,644,63-65,6442,6442,6442
6443,PAPERHANGERS,unit,644,63-65,6443,6443,6443
6444,PLASTERERS,unit,644,63-65,6444,6444,6444
6462,CARPET AND SOFT TILE INSTALLERS,unit,646-7,63-65,6462,6462,6462
6463,CONCRETE AND TERRAZZO FINISHERS,unit,646-7,63-65,6463,6463,6463
6464,GLAZIERS,unit,646-7,63-65,6464,6464,6464
6465,INSULATION WORKERS,unit,646-7,63-65,6465,6465,6465
6466,"PAVING, SURFACING, AND TAMPING EQUIPMENT OPERATORS",unit,646-7,63-65,6466,6466,6466
6467,RAIL AND TRACK LAYING EQUIPMENT OPERATORS,unit,646-7,63-65,6467,6467,6467
6468,ROOFERS,unit,646-7,63-65,6468,6468,6468
6472,SHEETMETAL DUCT INSTALLERS,unit,646-7,63-65,6472,6472,6472
6473,STRUCTURAL METAL WORKERS,unit,646-7,63-65,6473,6473,6473
6474,"DRILLERS, EARTH",unit,646-7,63-65,6474,6474,6474
6475,AIR HAMMER OPERATORS,unit,646-7,63-65,6475,6475,6475
6476,PILE DRIVING OPERATORS,unit,646-7,63-65,6476,6476,6476
6479,"CONSTRUCTION TRADES, NEC",unit,646-7,63-65,6479,6479,6479
6811,TOOL AND DIE MAKERS,unit,681-2,67-69,6811,6811,6811
6812,PRECISION ASSEMBLERS (METAL),unit,681-2,67-69,6812,6812,6812
6813,MACHINISTS,unit,681-2,67-69,6813,6813,6813
6814,BOILERMAKERS,unit,681-2,67-69,6814,6814,6814
6816,"PRECISION GRINDERS, FITTERS, AND TOOL SHARPENERS",unit,681-2,67-69,6816,6816,6816
6817,PATTERNMAKERS AND MODEL MAKERS (METAL),unit,681-2,67-69,6817,6817,6817
6821,LAY-OUT WORKERS,unit,681-2,67-69,6821,6821,6821
6822,PRECISION HAND MOLDERS AND SHAPERS (JEWELERS),unit,681-2,67-69,6822,6822,6822
6823,ENGRAVERS,unit,681-2,67-69,6823,6823,6823
6824,SHEET METAL WORKERS,unit,681-2,67-69,6824,6824,6824
6829,MISCELLANEOUS PRECISION METAL WORKERS,unit,681-2,67-69,6829,6829,6829
6831,"PATTERNMAKERS AND MODEL MAKERS, WOOD",unit,683,67-69,6831,6831,6831
6832,CABINET MAKERS AND BENCH CARPENTERS,unit,683,67-69,6832,6832,6832
6835,FURNITURE FINISHERS,unit,683,67-69,6835,6835,6835
6839,MISCELLANEOUS PRECISION WOODWORKERS,unit,683,67-69,6839,6839,6839
6841,PRECISION TYPESETTERS,unit,684,67-69,6841,6841,6841
6842,PRECISION LITHOGRAPHERS AND PHOTOENGRAVERS,unit,684,67-69,6842,6842,6842
6844,BOOKBINDERS,unit,684,67-69,6844,6844,6844
6849,MISCELLANEOUS PRECISION PRINTING OCCUPATIONS,unit,684,67-69,6849,6849,6849
6852,"TAILORS AND DRESSMAKERS, HAND",unit,685,67-69,6852,6852,6852
6853,UPHOLSTERERS,unit,685,67-69,6853,6853,6853
6854,SHOEMAKERS AND LEATHER WORKERS AND REPAIRERS,unit,685,67-69,6854,6854,6854
6855,"PRECISION LAUNDERING, CLEANING, AND DYEING OCCUPATIONS",unit,685,67-69,6855,6855,6855
6856,APPAREL AND FABRIC PATTERNMAKERS,unit,685,67-69,6856,6856,6856
6859,MISCELLANEOUS PRECISION APPAREL AND FABRIC WORKERS,unit,685,67-69,6859,6859,6859
6861,PRECISION HAND MOLDERS AND SHAPERS,unit,686,67-69,6861,6861,6861
6862,"PRECISION PATTERNMAKERS, LAY-OUT WORKERS AND CUTTERS",unit,686,67-69,6862,6862,6862
6863,DETAIL DESIGN PAINTERS AND DECORATORS,unit,686,67-69,6863,6863,6863
6864,OPTICAL GOODS WORKERS,unit,686,67-69,6864,6864,6864
6865,DENTAL LABORATORY AND MEDICAL APPLIANCE TECHNICIANS,unit,686,67-69,6865,6865,6865
6866,GEM AND DIAMOND WORKING OCCUPATIONS,unit,686,67-69,6866,6866,6866
6867,PRECISION ELECTRICAL AND ELECTRONIC EQUIPMENT ASEMBLERS,unit,686,67-69,6867,6867,6867
6868,PHOTOGRAPHIC PRECESS WORKERS,unit,686,67-69,6868,6868,6868
6869,"MISCELLANEOUS PRECISION WORKERS, NEC",unit,686,67-69,6869,6869,6869
6871,BUTCHERS AND MEAT CUTTERS,unit,687,67-69,6871,6871,6871
6872,BAKERS,unit,687,67-69,6872,6872,6872
6873,"BATCHMAKERS (CANDYMAKERS, CHEESEMAKERS, ETC.)",unit,687,67-69,6873,6873,6873
6879,MISCELLANEOUS PRECISION FOOD WORKERS,unit,687,67-69,6879,6879,6879
6881,"PRECISION INSPECTORS, TESTERS, AND GRADERS",unit,688,67-69,6881,6881,6881
6882,PRECISION ADJUSTERS AND CALIBRATORS,unit,688,67-69,6882,6882,6882
6931,STATIONARY ENGINEERS,unit,693,67-69,6931,6931,6931
6932,"POWER PLANT AND SYSTEMS OPERATORS, EXCEPT STATIONARY ENGINEERS",unit,693,67-69,6932,6932,6932
7312,LATHE AND TURNING MACHINE SETUP OPERATORS,unit,731-2,71-78,7312,7312,7312
7313,MILLING AND PLANING MACHINE SETUP OPERATORS,unit,731-2,71-78,7313,7313,7313
7314,PUNCHING AND SHEARING MACHINE SETUP OPERATORS,unit,731-2,71-78,7314,7314,7314
7315,EXTRUDING AND DRAWING MACHINE SETUP OPERATORS,unit,731-2,71-78,7315,7315,7315
7316,ROLLING MACHINE SETUP OPERATORS,unit,731-2,71-78,7316,7316,7316
7317,PRESS AND BRAKE MACHINE SETUP OPERATORS,unit,731-2,71-78,7317,7317,7317
7318,DRILLING AND BORING MACHINE SETUP OPERATORS,unit,731-2,71-78,7318,7318,7318
7319,FORGING MACHINE SETUP OPERATORS,unit,731-2,71-78,7319,7319,7319
7322,"GRINDING, ABRADING, BUFFING, AND POLISHING MACHINE SETUP OPERATORS",unit,731-2,71-78,7322,7322,7322
7324,LAPPING AND HONING MACHINE SETUP OPERATORS,unit,731-2,71-78,7324,7324,7324
7326,NUMERICAL CONTROL MACHINE SETUP OPERATORS,unit,731-2,71-78,7326,7326,7326
7329,MISCELLANEOUS METALWORKING AND PLASTIC WORKING MACHINE SETUP OPERATORS,unit,731-2,71-78,7329,7329,7329
7332,WELDING MACHINE SETUP OPERATORS,unit,733,71-78,7332,7332,7332
7333,SOLDERING AND BRAZING MACHINE SETUP OPERATORS,unit,733,71-78,7333,7333,7333
7339,MISCELLANEOUS FABRICATING MACHINE SETUP OPERATORS,unit,733,71-78,7339,7339,7339
7342,MOLDING AND CASTING MACHINE SETUP OPERATORS,unit,734,71-78,7342,7342,7342
7343,PLATING AND COATING MACHINE SETUP OPERATORS,unit,734,71-78,7343,7343,7343
7344,HEATING EQUIPMENT SETUP OPERATORS,unit,734,71-78,7344,7344,7344
7349,MISCELLANEOUS METAL AND PLASTIC PROCESSING MACHINE SETUP OPERATORS,unit,734,71-78,7349,7349,7349
7431,LATHE AND TURNING MACHINE SETUP OPERATORS,unit,743,71-78,7431,7431,7431
7432,ROUTER AND PLANER MACHINE SETUP OPERATORS,unit,743,71-78,7432,7432,7432
7433,SAWING MACHINE SETUP OPERATORS,unit,743,71-78,7433,7433,7433
7434,SANDING MACHINE SETUP OPERATORS,unit,743,71-78,7434,7434,7434
7435,SHAPING AND JOINING MACHINE STUP OPERATORS,unit,743,71-78,7435,7435,7435
7439,MISCELLANEOUS WOODWORKING MACHINE SETUP OPERATORS,unit,743,71-78,7439,7439,7439
7443,PRINTING PRESS SETUP OPERATORS,unit,744,71-78,7443,7443,7443
7444,PHOTOENGRAVING AND LITHOGRAPHING MACHINE SETUP OPERATORS,unit,744,71-78,7444,7444,7444
7449,MISCELLANEOUS PRINTING MACHINE SETUP OPERATORS,unit,744,71-78,7449,7449,7449
7451,WINDING AND TWISTING MACHINE SETUP OPERATORS,unit,745,71-78,7451,7451,7451
7452,KNITTING AND WEAVING MACHINE SETUP OPERATORS,unit,745,71-78,7452,7452,7452
7459,"TEXTILE MACHINE SETUP OPERATORS, NEC",unit,745,71-78,7459,7459,7459
7462,PACKAGING AND FILING MACHINE SETUP OPERATORS,unit,746-7,71-78,7462,7462,7462
7463,EXTRUDING AND FORMING MACHINE SETUP OPERATORS,unit,746-7,71-78,7463,7463,7463
7467,COMPRESSING AND COMPACTING MACHINE SETUP OPERATORS,unit,746-7,71-78,7467,7467,7467
7472,ROASTING AND BAKING MACHINE SETUP OPERATORS,unit,746-7,71-78,7472,7472,7472
7474,FOLDING MACHINE SETUP OPERATORS,unit,746-7,71-78,7474,7474,7474
7476,"STILL, CLARIFYING, AND PRECIPITATING MACHINE SETUP OPERATORS",unit,746-7,71-78,7476,7476,7476
7477,"CRUSHING, GRINDING AND POLISHING MACHINE SETUP OPERATORS",unit,746-7,71-78,7477,7477,7477
7478,SLICING AND CUTTING MACHINE SETUP OEPRATORS,unit,746-7,71-78,7478,7478,7478
7479,MISCELLANEOUS MACHINE SETUP OPERATORS,unit,746-7,71-78,7479,7479,7479
7512,LATHE AND TURNING MACHINE OPERATORS AND TENDERS,unit,751-2,71-78,7512,7512,7512
7513,MILLING AND PLANING MACHINE OPERATORS AND TENDERS,unit,751-2,71-78,7513,7513,7513
7514,PUNCHING AND SHEARING MACHINE OPERATORS AND TENDERS,unit,751-2,71-78,7514,7514,7514
7515,EXTRUDING AND DRAWING MACHINE OPERATORS AND TENDERS,unit,751-2,71-78,7515,7515,7515
7516,ROLLING MACHINE OPERATORS AND TENDERS,unit,751-2,71-78,7516,7516,7516
7517,PRESS AND BRAKE MACHINE OPERATORS AND TENDERS,unit,751-2,71-78,7517,7517,7517
7518,DRILLING AND BORING MACHINE OPERATORS AND TENDERS,unit,751-2,71-78,7518,7518,7518
7519,FORGING MACHINE OPERATORS AND TENDERS,unit,751-2,71-78,7519,7519,7519
7522,"GRINDING, ABRADING, BUFFING AND POLISHING MACHINE OPERATORS AND TENDERS",unit,751-2,71-78,7522,7522,7522
7529,MISCELLANEOUS METALWORKING AND PLASTIC WORKING MACHINE OPERATORS AND TENDERS,unit,751-2,71-78,7529,7529,7529
7532,WELDING MACHINE OPERATORS AND TENDERS,unit,753,71-78,7532,7532,7532
7533,SOLDERING AND BRAZING MACHINE OPERATORS AND TENDERS,unit,753,71-78,7533,7533,7533
7539,MISCELLANEOUS FABRICATING MACHINE OPERATORS AND TENDERS,unit,753,71-78,7539,7539,7539
7542,MOLDING AND CASTING MACHINE OPERATORS AND TENDERS,unit,754,71-78,7542,7542,7542
7543,PLATING AND COATING MACHINE OPERATORS AND TENDERS,unit,754,71-78,7543,7543,7543
7544,HEATING EQUIPMENT OPERATORS AND TENDERS,unit,754,71-78,7544,7544,7544
7549,MISCELLANEOUS METAL AND PLASTIC PROCESSING MACHINE OPERATORS AND TENDERS,unit,754,71-78,7549,7549,7549
7631,LATHE AND TURNING MACHINE OPERATORS AND TENDERS,unit,763,71-78,7631,7631,7631
7632,ROUTER AND PLANER MACHINE OPERATORS AND TENDERS,unit,763,71-78,7632,7632,7632
7633,SAWING MACHINE OPERATORS AND TENDERS,unit,763,71-78,7633,7633,7633
7634,SANDING MACHINE OPERATORS AND TENDERS,unit,763,71-78,7634,7634,7634
7635,SHAPING AND JOINING MACHINE OPERATORS AND TENDERS,unit,763,71-78,7635,7635,7635
7636,NAILING AND TRACKING MACHINE OPERATORS AND TENDERS,unit,763,71-78,7636,7636,7636
7639,MISCELLANEOUS WOODWORKING MACHINE OPERATORS AND TENDERS,unit,763,71-78,7639,7639,7639
7642,TYPESETTING AND COMPOSING MACHINE OPERATORS AND TENDERS,unit,764,71-78,7642,7642,7642
7643,PRINTING MACHINE OPERATORS AND TENDERS,unit,764,71-78,7643,7643,7643
7644,PHOTOENGRAVING AND LITHOGRAPHING MACHINE OPERATORS AND TENDERS,unit,764,71-78,7644,7644,7644
7649,"PRINTING MACHINE OPERATORS AND TENDERS, NEC",unit,764,71-78,7649,7649,7649
7651,WINDING AND TWISTING MACHINE OPERATORS AND TENDERS,unit,765,71-78,7651,7651,7651
7652,KNITTING AND WEAVING MACHINE OPERATORS AND TENDERS,unit,765,71-78,7652,7652,7652
7654,TEXTILE CUTTING MACHINE OPERATOR AND TENDERS,unit,765,71-78,7654,7654,7654
7655,TEXTILE SEWING MACHINE OPERATORS AND TENDERS,unit,765,71-78,7655,7655,7655
7656,SHOE MACHINE OPERATORS AND TENDERS,unit,765,71-78,7656,7656,7656
7657,PRESSING MACHINE OPERATORS,unit,765,71-78,7657,7657,7657
7658,LAUNDERING AND DRY CLEANING MACHINE OPERATORS AND TENDERS,unit,765,71-78,7658,7658,7658
7659,MISCELLANEOUS TEXTILE MACHINE OPERATORS AND TENDERS,unit,765,71-78,7659,7659,7659
7661,CEMENTING AND GLUING MACHINE OPERATORS AND TENDERS,unit,766-7,71-78,7661,7661,7661
7662,PACKAGING AND FILLING MACHINE OPERATORS AND TENDERS,unit,766-7,71-78,7662,7662,7662
7663,EXTRUDING AND FORMING MACHINE OPERATORS AND TENDERS,unit,766-7,71-78,7663,7663,7663
7664,MIXING AND BLENDING MACHINE OPERATORS AND TENDERS,unit,766-7,71-78,7664,7664,7664
7665,COOLING AND FREEZING EQUIPMENT OPERATORS AND TENDERS,unit,766-7,71-78,7665,7665,7665
7666,SEPARATING AND FILTERING MACHINE OPERATORS AND TENDERS,unit,766-7,71-78,7666,7666,7666
7667,COMPRESSING AND COMPACTING MACHINE OPERATORS AND TENDERS,unit,766-7,71-78,7667,7667,7667
7668,BOILER OPERATORS AND TENDERS (LOW PRESSURE),unit,766-7,71-78,7668,7668,7668
7669,"COATING, PAINTING, AND SPRAYING MACHINE OPERATORS AND TENDERS",unit,766-7,71-78,7669,7669,7669
7671,PHOTOGRAPHIC PROCESSING MACHINE OPERATORS,unit,766-7,71-78,7671,7671,7671
7672,ROASTING AND BAKING MACHINE OPERATORS AND TENDERS,unit,766-7,71-78,7672,7672,7672
7673,"WASHING, CLEANING AND PICKLING EQUIPMENT OPERATORS AND TENDERS",unit,766-7,71-78,7673,7673,7673
7674,FOLDING MACHINE OPERATORS AND TENDERS,unit,766-7,71-78,7674,7674,7674
7675,"FURNACE, KILN, AND OVEN OPERATORS AND TENDERS",unit,766-7,71-78,7675,7675,7675
7676,"STILL, CLARIFIER AND PRECIPITATOR OPERATORS AND TENDERS",unit,766-7,71-78,7676,7676,7676
7677,CRUSHING AND GRINDING MACHINE OPERATORS AND TENDERS,unit,766-7,71-78,7677,7677,7677
7678,SLICING AND CUTTING MACHINE OPERATORS AND TENDERS,unit,766-7,71-78,7678,7678,7678
7679,"MISCELLANEOUS MACHINE OPERATORS AND TENDERS, NEC",unit,766-7,71-78,7679,7679,7679
7714,WELDERS AND CUTTERS,unit,771,71-78,7714,7714,7714
7717,SOLDERERS AND BRAZERS,unit,771,71-78,7717,7717,7717
7752,HAND SEWING OCCUPATIONS,unit,775,71-78,7752,7752,7752
7753,HAND CUTTING AND TRIMMING OCCUPATIONS,unit,775,71-78,7753,7753,7753
7754,HAND MOLDING AND CASTING OCCUPATIONS,unit,775,71-78,7754,7754,7754
7755,HAND FORMING AND SHAPING OCCUPATIONS,unit,775,71-78,7755,7755,7755
7756,"HAND PAINTING, COATING AND DECORATING OCCUPATIONS",unit,775,71-78,7756,7756,7756
7757,HAND ENGRAVING AND PRINTING OCCUPATIONS,unit,775,71-78,7757,7757,7757
7758,HAND GRINDING AND POLISHING OCCUPATIONS,unit,775,71-78,7758,7758,7758
7759,MISCELLANEOUS HAND WORKING OCCUPATIONS,unit,775,71-78,7759,7759,7759
8111,SUPERVISORS; MOTOR VEHICLE OPERATORS,unit,811,81-83,8111,8111,8111
8113,RAILROAD CONDUCTORS AND YARDMASTERS,unit,811,81-83,8113,8113,8113
8212,"TRUCK DRIVERS, TRACTOR-TRAILER",unit,821,81-83,8212,8212,8212
8213,"TRUCK DRIVERS, HEAVY",unit,821,81-83,8213,8213,8213
8214,"TRUCK DRIVERS, LIGHT (INCLUDING DELIVERY AND ROUTE DRIVERS)",unit,821,81-83,8214,8214,8214
8215,BUS DRIVERS,unit,821,81-83,8215,8215,8215
8216,TAXICAB DRIVERS AND CHAUFFEURS,unit,821,81-83,8216,8216,8216
8218,DRIVER-SALES WORKERS,unit,821,81-83,8218,8218,8218
8219,"OTHER MOTOR TRANSPORTATION OCCUPATIONS, NEC",unit,821,81-83,8219,8219,8219
8232,LOCOMOTIVE OPERATING OCCUPATIONS,unit,823,81-83,8232,8232,8232
8233,"RAILROAD BRAKE, SIGNAL, AND SWITCH OPERATORS",unit,823,81-83,8233,8233,8233
8239,"RAIL VEHICLE OPERATORS, NEC",unit,823,81-83,8239,8239,8239
8241,"SHIP CAPTAINS AND MATES, EXCEPT FISHING BOATS",unit,824,81-83,8241,8241,8241
8242,BOAT AND BARGE OPERATORS,unit,824,81-83,8242,8242,8242
8243,SAILORS AND DECKHANDS,unit,824,81-83,8243,8243,8243
8244,MARINE ENGINEERS,unit,824,81-83,8244,8244,8244
8245,"BRIDGE, LOCK, AND LIGHTHOUSE TENDERS",unit,824,81-83,8245,8245,8245
8312,OPERATING ENGINEERS,unit,831,81-83,8312,8312,8312
8313,LONGSHORE EQUIPMENT OPERATORS,unit,831,81-83,8313,8313,8313
8314,HOIST AND WINCH OPERATORS,unit,831,81-83,8314,8314,8314
8315,CRANE AND TOWER OPERATORS,unit,831,81-83,8315,8315,8315
8316,EXCAVATING AND LOADING MACHINE OPERATORS,unit,831,81-83,8316,8316,8316
8317,"GRADER, DOZER, AND SCRAPER OPERATORS",unit,831,81-83,8317,8317,8317
8318,INDUSTRIAL TRUCK AND TRACTOR EQUIPMENT OPERATORS,unit,831,81-83,8318,8318,8318
8319,MISCELLANEOUS MATERIAL MOVING EQUIPMENT OPERATORS,unit,831,81-83,8319,8319,8319
8611,HELPERS; METALWORKING AND PLASTIC WORKING MACHINE OPERATORS,unit,861,85-87,8611,8611,8611
8614,HELPERS; METAL AND PLASTIC PROCESSING MACHINE OPERATORS,unit,861,85-87,8614,8614,8614
8615,HELPERS; WOODWORKING MACHINE OPERATORS AND TENDERS,unit,861,85-87,8615,8615,8615
8616,HELPERS; PRINTING MACHINE OPERATORS AND TENDERS,unit,861,85-87,8616,8616,8616
8617,"HELPERS; TEXTILE, APPAREL AND FURNISHINGS MACHINE OPERATORS",unit,861,85-87,8617,8617,8617
8618,HELPERS; MACHINE OPERATORS AND TENDERS ASSORTED MATERIALS,unit,861,85-87,8618,8618,8618
8619,HELPERS; PRECISION PRODUCTION OCCUPATIONS AND SETUP OPERATORS,unit,861,85-87,8619,8619,8619
8632,HELPERS; VEHICLE AND MOBILE EQUIPMENT MECHANICS AND REPAIRERS,unit,863,85-87,8632,8632,8632
8633,HELPERS; INDUSTRIAL MACHINERY REPAIRERS,unit,863,85-87,8633,8633,8633
8635,HELPERS; ELECTRICAL AND ELECTRONIC EQUIPMENT REPAIRERS,unit,863,85-87,8635,8635,8635
8637,HELPERS; MISCELLANEOUS MECHANICS AND REPAIRERS,unit,863,85-87,8637,8637,8637
8641,"HELPERS; BRICKMASONS, STONEMASONS, AND HARD TILE SETTER",unit,864,85-87,8641,8641,8641
8642,HELPERS; CARPENTERS AND RELATED WORKERS,unit,864,85-87,8642,8642,8642
8643,HELPERS; ELECTRICIANS AND POWER TRANSMISSION INSTALLERS,unit,864,85-87,8643,8643,8643
8644,"HELPERS; PAINTERS, PAPERHANGERS, AND PLASTERERS",unit,864,85-87,8644,8644,8644
8645,"HELPERS; PLUMBERS, PIPEFITTERS AND STEAMFITTERS",unit,864,85-87,8645,8645,8645
8646,HELPERS; SURVEYOR'S,unit,864,85-87,8646,8646,8646
8648,HELPERS; OTHER CONSTRUCTION TRADES,unit,864,85-87,8648,8648,8648
8722,GARBAGE COLLECTORS,unit,872,85-87,8722,8722,8722
8723,STEVEDORES,unit,872,85-87,8723,8723,8723
8724,STOCK HANDLERS AND BAGGERS,unit,872,85-87,8724,8724,8724
8725,MACHINE FEEDERS AND OFFBEARERS,unit,872,85-87,8725,8725,8725
8726,"FREIGHT, STOCK, AND MATERIAL MOVERS, HAND, NEC",unit,872,85-87,8726,8726,8726
8761,HAND PACKERS AND PACKAGERS,unit,876,85-87,8761,8761,8761
8769,"MANUAL OCCUPATIONS, NEC",unit,876,85-87,8769,8769,8769
9911,GRADUATE ASSISTANT,unit,991,99-99,9911,9911,9911
9951,"HOUSEWIVES, UNPAID",unit,995,99-99,9951,9951,9951
9952,"HOME GARDENERS, UNPAID",unit,995,99-99,9952,9952,9952
9953,"STUDENTS, UNPAID",unit,995,99-99,9953,9953,9953
9954,"VOLUNTEERS, NEC",unit,995,99-99,9954,9954,9954
2212,"ATMOSPHERIC, EARTH, MARINE, AND SPACE SCIENCES TEACHERS",unit,22,22-25,2212,221,2212
2213,BIOLOGICAL SCIENCES TEACHERS,unit,22,22-25,2213,221,2213
2214,CHEMISTRY TEACHERS,unit,22,22-25,2214,221,2214
2215,PHYSICS TEACHERS,unit,22,22-25,2215,221,2215
2216,"NATURAL SCIENCES TEACHERS, NEC",unit,22,22-25,2216,221,2216
2217,PSYCHOLOGY TEACHERS,unit,22,22-25,2217,221,2217
2218,ECONOMICS TEACHERS,unit,22,22-25,2218,221,2218
2222,HISTORY TEACHERS,unit,22,22-25,2222,222,2222
2223,POLITICAL SCIENCE TEACHERS,unit,22,22-25,2223,222,2223
2224,SOCIOLOGY TEACHERS,unit,22,22-25,2224,222,2224
2225,"SOCIAL SCIENCES TEACHERS, NEC",unit,22,22-25,2225,222,2225
2226,ENGINEERING TEACHERS,unit,22,22-25,2226,222,2226
2227,MATHEMATICAL SCIENCES TEACHERS,unit,22,22-25,2227,222,2227
2228,COMPUTER SCIENCE TEACHERS,unit,22,22-25,2228,222,2228
2231,MEDICAL SCIENCE TEACHERS,unit,22,22-25,2231,223,2231
2232,"HEALTH SPECIALTIES TEACHERS, NEC",unit,22,22-25,2232,223,2232
2233,"BUSINESS, COMMERCE AND MARKETING TEACHERS",unit,22,22-25,2233,223,2233
2234,AGRICULTURE TEACHERS,unit,22,22-25,2234,223,2234
2235,"ART, DRAMA, AND MUSIC TEACHERS",unit,22,22-25,2235,223,2235
2236,PHYSICAL EDUCATION TEACHERS,unit,22,22-25,2236,223,2236
2237,EDUCATION TEACHERS,unit,22,22-25,2237,223,2237
2238,ENGLISH TEACHERS,unit,22,22-25,2238,223,2238
2242,FOREIGN LANGUAGE TEACHERS,unit,22,22-25,2242,224,2242
2243,LAW TEACHERS,unit,22,22-25,2243,224,2243
2244,SOCIAL WORK TEACHERS,unit,22,22-25,2244,224,2244
2245,THEOLOGY TEACHERS,unit,22,22-25,2245,224,2245
2246,TRADE AND INDUSTRIAL TEACHERS,unit,22,22-25,2246,224,2246
2247,HOME ECONOMICS TEACHERS,unit,22,22-25,2247,224,2247
2249,"TEACHERS; POSTSECONDARY, NEC",unit,22,22-25,2249,224,2249
4511,SUPERVISORS; GENERAL OFFICE OCCUPATIONS,unit,45,45-47,4511,451,4511
4512,SUPERVISORS; COMPUTER AND PERIPHERAL EQUIPMENT OPERATORS,unit,45,45-47,4512,451,4512
4513,"SUPERVISORS; SECRETARIES, STENOGRAPHERS AND TYPISTS",unit,45,45-47,4513,451,4513
4514,SUPERVISORS; INFORMATION CLERKS,unit,45,45-47,4514,451,4514
4516,SUPERVISORS; CORRESPONDENCE CLERKS AND ORDER CLERKS,unit,45,45-47,4516,451,4516
4519,SUPERVISORS; RECORD CLERKS,unit,45,45-47,4519,451,4519
4521,SUPERVISORS; FINANICAL RECORD PROCESSING OCCUPATIONS,unit,45,45-47,4521,452,4521
4522,"SUPERVISORS; DUPLICATING, MAIL AND OTHER OFFICE MACHINE OPERATORS",unit,45,45-47,4522,452,4522
4523,CHIEF COMMUNICATIONS OPERATORS,unit,45,45-47,4523,452,4523
4524,SUPERVISORS; MAIL AND MESSAGE DISTRIBUTION CLERKS,unit,45,45-47,4524,452,4524
4525,"SUPERVISORS; MATERIAL RECORDING, SCHEDULING, AND DISTRI",unit,45,45-47,4525,452,4525
4528,"SUPERVISORS; ADJUSTERS, INVESTIGATORS, AND COLLECTORS",unit,45,45-47,4528,452,4528
4529,SUPERVISORS; MISCELLANEOUS ADMINISTRATIVE SUPPORT OCCUPATIONS,unit,45,45-47,4529,452,4529
9992,MISSING DATA,unit,99,99-99,9992,999,9992
9994,MISSING DATA,unit,99,99-99,9994,999,9994
9996,MISSING DATA,unit,99,99-99,9996,999,9996
9998,MISSING DATA,unit,99,99-99,9998,999,9998
9999,MISSING DATA,unit,99,99-99,9999,999,9999
240,VOCATIONAL AND EDUCATIONAL COUNSELORS,minor,22-25,22-25,NA,NA,NA
270,VETERINARIANS,minor,26-28,26-28,NA,NA,NA
290,REGISTERED NURSES,minor,29-30,29-30,NA,NA,NA
340,ATHLETES AND RELATED WORKERS,minor,32-34,32-34,NA,NA,NA
600,SUPERVISORS; MECHANICS AND REPAIRERS,minor,60-61,60-61,NA,NA,NA
670,SUPERVISORS; PRECISION PRODUCTION OCCUPATIONS,minor,67-69,67-69,NA,NA,NA
710,SUPERVISORS; PRODUCTION OCCUPATIONS,minor,71-78,71-78,NA,NA,NA
850,"SUPERVISORS; HANDLERS, EQUIPMENT CLEANERS, HELPERS, AND LABORERS",minor,85-87,85-87,NA,NA,NA
910,MILITARY OCCUPATIONS,minor,91-91,91-91,NA,NA,NA
980,NOT DETERMINED,minor,99-99,99-99,NA,NA,NA
1110,LEGISLATORS,unit,11,11-18,1110,1110,1110
1120,CHIEF EXECUTIVES AND GENERAL ADMINISTRATORS,unit,11,11-18,1120,1120,1120
1210,GENERAL MANAGERS AND OTHER TOP EXECUTIVES,unit,12-13,11-18,1210,1210,1210
1220,FINANCIAL MANAGERS,unit,12-13,11-18,1220,1220,1220
1230,PERSONNEL AND LABOR RELATIONS MANAGERS,unit,12-13,11-18,1230,1230,1230
1240,PURCHASING MANAGERS,unit,12-13,11-18,1240,1240,1240
1250,"MANAGERS; MARKETING, ADVERTISING, AND PUBLIC RELATIONS",unit,12-13,11-18,1250,1250,1250
1260,"MANAGERS; ENGINEERING, MATHEMATICS, AND NATURAL SCIENCE",unit,12-13,11-18,1260,1260,1260
1270,MANAGERS; SOCIAL SCIENCES AND RELATED FIELDS,unit,12-13,11-18,1270,1270,1270
1310,MANAGERS; MEDICINE AND HEALTH,unit,12-13,11-18,1310,1310,1310
1320,"PRODUCTION MANAGERS, INDUSTRIAL",unit,12-13,11-18,1320,1320,1320
1330,CONSTRUCTION MANAGERS,unit,12-13,11-18,1330,1330,1330
1360,"MANAGERS; MINING, QUARRYING, WELL DRILLING, AND SIMILAR",unit,12-13,11-18,1360,1360,1360
1370,MANAGERS: ADMINISTRATIVE SERVICES,unit,12-13,11-18,1370,1370,1370
1390,"OFFICIALS AND ADMINISTRATORS; OTHER, NEC",unit,12-13,11-18,1390,1390,1390
1420,MANAGEMENT ANALYST,unit,14,11-18,1420,1420,1420
1430,"PERSONNEL, TRAINING, AND LABOR RLATIONS SPECIALISTS",unit,14,11-18,1430,1430,1430
1450,BUSINESS AND PROMOTION AGENTS,unit,14,11-18,1450,1450,1450
1490,"MANAGEMENT RELATED OCCUPATIONS, NEC",unit,14,11-18,1490,1490,1490
1610,ARCHITECTS,unit,16,11-18,1610,1610,1610
1920,URBAN AND REGIONAL PLANNERS,unit,19,19-21,1920,1920,1920
2110,LAWYERS,unit,21,19-21,2110,2110,2110
2120,JUDGES,unit,21,19-21,2120,2120,2120
2310,PREKINDERGARTEN AND KINDERGARTEN TEACHERS,unit,23,22-25,2310,2310,2310
2320,ELEMENTARY SCHOOL TEACHERS,unit,23,22-25,2320,2320,2320
2330,SECONDARY SCHOOL TEACHERS,unit,23,22-25,2330,2330,2330
2350,TEACHERS; SPECIAL EDUCATION,unit,23,22-25,2350,2350,2350
2360,INSTRUCTIONAL COORDINATORS,unit,23,22-25,2360,2360,2360
2390,"ADULT EDUCATION AND OTHER TEACHERS, NEC",unit,23,22-25,2390,2390,2390
2510,LIBRARIANS,unit,25,22-25,2510,2510,2510
2520,ARCHIVISTS AND CURATORS,unit,25,22-25,2520,2520,2520
2610,PHYSICIANS,unit,26,26-28,2610,2610,2610
2620,DENTISTS,unit,26,26-28,2620,2620,2620
2810,OPTOMETRISTS,unit,28,26-28,2810,2810,2810
2830,PODIATRISTS,unit,28,26-28,2830,2830,2830
2890,"HEALTH DIAGNOSING AND TREATING PRACTITIONERS, NEC",unit,28,26-28,2890,2890,2890
3010,PHARMACISTS,unit,30,29-30,3010,3010,3010
3020,DIETITIANS,unit,30,29-30,3020,3020,3020
3040,PHYSICIAN'S ASSISTANTS,unit,30,29-30,3040,3040,3040
3210,AUTHORS,unit,32,32-34,3210,3210,3210
3220,DESIGNERS,unit,32,32-34,3220,3220,3220
3230,MUSICIANS AND COMPOSERS,unit,32,32-34,3230,3230,3230
3240,ACTORS AND DIRECTORS,unit,32,32-34,3240,3240,3240
3250,"PAINTERS, SCULPTORS, CRAFT-ARTISTS AND ARTIST-PRINTMAKE",unit,32,32-34,3250,3250,3250
3260,PHOTOGRAPHERS,unit,32,32-34,3260,3260,3260
3270,DANCERS,unit,32,32-34,3270,3270,3270
3280,"PERFORMERS, NEC",unit,32,32-34,3280,3280,3280
3290,"WRITERS, ARTISTS, AND RELATED WORKERS; NEC",unit,32,32-34,3290,3290,3290
3320,PUBLIC RELATIONS SPECIALISTS AND PUBLICITY WRITERS,unit,33,32-34,3320,3320,3320
3330,"RADIO, TELEVISION AND OTHER ANNOUNCERS",unit,33,32-34,3330,3330,3330
3620,CLINICAL LABORATORY TECHNOLOGISTS AND TECHNICIANS,unit,36,36-36,3620,3620,3620
3630,DENTAL HYGIENISTS,unit,36,36-36,3630,3630,3630
3640,HEALTH RECORD TECHNOLOGISTS AND TECHNICIANS,unit,36,36-36,3640,3640,3640
3650,RADIOLOGIC TECHNOLOGISTS AND TECHNICIANS,unit,36,36-36,3650,3650,3650
3660,LICENSED PRACTICAL NURSES,unit,36,36-36,3660,3660,3660
3690,"HEALTH TECHNOLOGISTS AND TECHNICIANS, NEC",unit,36,36-36,3690,3690,3690
3720,DRAFTING OCCUPATIONS,unit,37,37-39,3720,3720,3720
3820,"BIOLOGICAL TECHNOLOGISTS AND TECHNICIANS, EXCEPT HEALTH",unit,38,37-39,3820,3820,3820
3840,MATHEMATICAL TECHNICIANS,unit,38,37-39,3840,3840,3840
3890,"SCIENCE TECHNOLOGISTS AND TECHNICIANS, NEC",unit,38,37-39,3890,3890,3890
3920,AIR TRAFFIC CONTROLLERS,unit,39,37-39,3920,3920,3920
3930,RADIO AND RELATED OPERATORS,unit,39,37-39,3930,3930,3930
3960,LEGAL TECHNICIANS,unit,39,37-39,3960,3960,3960
3980,TECHNICIAL WRITERS,unit,39,37-39,3980,3980,3980
3990,"TECHNICIANS, NEC",unit,39,37-39,3990,3990,3990
4010,"SUPERVISORS; SALES OCCUPATIONS, INSURANCE, REAL ESTATE AND BUSINESS SERVICE",unit,40,40-44,4010,4010,4010
4020,"SUPERVISIORS; SALES OCCUPATIONS, COMMODITIES EXCEPT RETAIL",unit,40,40-44,4020,4020,4020
4030,"SUPERVISORS; SALES OCCUPATIONS, RETAIL",unit,40,40-44,4030,4030,4030
4210,SALES ENGINEERS,unit,42,40-44,4210,4210,4210
4440,APPRAISERS AND RELATED OCCUPATIONS,unit,44,40-44,4440,4440,4440
4450,"DEMONSTRATORS, PROMOTERS, AND MODELS",unit,44,40-44,4450,4450,4450
4460,SHOPPERS,unit,44,40-44,4460,4460,4460
4470,AUCTIONEERS,unit,44,40-44,4470,4470,4470
4490,"SALES OCCUPATIONS; OTHER, NEC",unit,44,40-44,4490,4490,4490
4630,GENERAL OFFICE OCCUPATIONS,unit,46-47,45-47,4630,4630,4630
5020,DAY WORKERS,unit,50,50-52,5020,5020,5020
5030,LAUNDERERS AND IRONERS,unit,50,50-52,5030,5030,5030
5040,"COOKS, PRIVATE HOUSEHOLD",unit,50,50-52,5040,5040,5040
5050,HOUSEKEEPERS AND BUTLERS,unit,50,50-52,5050,5050,5050
5060,"CHILD CARE WORKERS, PRIVATE HOUSEHOLD",unit,50,50-52,5060,5060,5060
5070,PRIVATE HOUSEHOLD CLEANERS AND SERVANTS,unit,50,50-52,5070,5070,5070
5090,"PRIVATE HOUSEHOLD OCCUPATIONS, NEC",unit,50,50-52,5090,5090,5090
5710,SUPERVISORS; FORESTRY AND LOGGING WORKERS,unit,57,55-58,5710,5710,5710
5720,"FORESTRY WORKERS, EXCEPT LOGGING",unit,57,55-58,5720,5720,5720
5730,TIMBER CUTTING AND RELATED OCCUPATIONS,unit,57,55-58,5730,5730,5730
5790,"LOGGING OCCUPATIONS, NEC",unit,57,55-58,5790,5790,5790
5830,FISHERS,unit,58,55-58,5830,5830,5830
5840,HUNTERS AND TRAPPERS,unit,58,55-58,5840,5840,5840
6130,INDUSTRIAL MACHINERY REPAIRERS*,unit,61,60-61,6130,6130,6130
6140,MACHINERY MAINTENANCE OCCUPATIONS,unit,61,60-61,6140,6140,6140
6160,"HEATING, AIR-CONDITIONING, AND REFRIGERATION MECHANICS",unit,61,60-61,6160,6160,6160
6320,SUPERVISORS; EXTRACTIVE OCCUPATIONS,unit,63,63-65,6320,6320,6320
6450,"PLUMBERS, PIPEFITTERS AND STEAMFITTERS",unit,64,63-65,6450,6450,6450
6520,"DRILLERS, OIL WELL",unit,65,63-65,6520,6520,6520
6530,EXPLOSIVE WORKERS,unit,65,63-65,6530,6530,6530
6540,MINING MACHINE OPERATORS,unit,65,63-65,6540,6540,6540
6560,"EXTRACTIVE OCCUPATIONS, NEC",unit,65,63-65,6560,6560,6560
6910,WATER AND SEWAGE TREATMENT PLANT OPERATORS,unit,69,67-69,6910,6910,6910
6920,GAS PLANT OPERATORS,unit,69,67-69,6920,6920,6920
6940,CHEMICAL PLANT OPERATORS,unit,69,67-69,6940,6940,6940
6950,PETROLEUM PLANT OPERATORS,unit,69,67-69,6950,6950,6950
6960,MISCELLANEOUS PLANT OR SYSTEM OPERATORS,unit,69,67-69,6960,6960,6960
7720,ASSEMBLERS,unit,77,71-78,7720,7720,7720
7740,"FABRICATORS, NEC",unit,77,71-78,7740,7740,7740
7820,"PRODUCTION INSPECTORS, CHECKERS AND EXAMINERS",unit,78,71-78,7820,7820,7820
7830,PRODUCTION TESTERS,unit,78,71-78,7830,7830,7830
7840,PRODUCTION SAMPLERS AND WEIGHERS,unit,78,71-78,7840,7840,7840
7850,"GRADERS AND SORTERS, EXCEPT AGRICULTURAL",unit,78,71-78,7850,7850,7850
7870,PRODUCTION EXPEDITERS,unit,78,71-78,7870,7870,7870
8120,SUPERVISORS; MATERIAL MOVING EQUIPMENT OPERATORS,unit,81,81-83,8120,8120,8120
8250,AIRPLANE PILOTS AND NAVIGATORS,unit,82,81-83,8250,8250,8250
8280,TRANSPORTATION INSPECTORS,unit,82,81-83,8280,8280,8280
8620,HELPERS; FABRICATORS AND INSPECTORS,unit,86,85-87,8620,8620,8620
8650,HELPERS;EXTRACTIVE OCCUPATIONS,unit,86,85-87,8650,8650,8650
8710,CONSTRUCTION LABORERS,unit,87,85-87,8710,8710,8710
8730,GARAGE AND SERVICE STATION RELATED OCCUPATIONS,unit,87,85-87,8730,8730,8730
8740,PARKING LOT ATTENDANTS,unit,87,85-87,8740,8740,8740
8750,VEHICLE WASHERS AND EQUIPMENT CLEANERS,unit,87,85-87,8750,8750,8750
9510,RETIRED,unit,99-99,99-99,95,9510,9510
9520,DISABLED,unit,99-99,99-99,95,9520,9520
9530,ON WELFARE,unit,99-99,99-99,95,9530,9530
9590,"UNEMPLOYED, NEC",unit,99-99,99-99,95,9590,9590
2400,VOCATIONAL AND EDUCATIONAL COUNSELORS,unit,22-25,22-25,2400,2400,2400
2700,VETERINARIANS,unit,26-28,26-28,2700,2700,2700
2900,REGISTERED NURSES,unit,29-30,29-30,2900,2900,2900
3400,ATHLETES AND RELATED WORKERS,unit,32-34,32-34,3400,3400,3400
6000,SUPERVISORS; MECHANICS AND REPAIRERS,unit,60-61,60-61,6000,6000,6000
6700,SUPERVISORS; PRECISION PRODUCTION OCCUPATIONS,unit,67-69,67-69,6700,6700,6700
7100,SUPERVISORS; PRODUCTION OCCUPATIONS,unit,71-78,71-78,7100,7100,7100
8500,"SUPERVISORS; HANDLERS, EQUIPMENT CLEANERS, HELPERS, AND LABORERS",unit,85-87,85-87,8500,8500,8500
9100,MILITARY OCCUPATIONS,unit,91-91,91-91,9100,9100,9100
9800,NOT DETERMINED,unit,99-99,99-99,9800,9800,9800
